ts_code,name,invest_type
026413.OF,中邮睿信增强C,债券型
026226.OF,东海增裕C,债券型
026220.OF,东海增裕A,债券型
026098.OF,前海开源安和C,债券型
026097.OF,前海开源安和A,债券型
010579.OF,中金恒嘉稳健3个月持有A,债券型
026007.OF,中金恒嘉稳健3个月持有C,债券型
026046.OF,华商安元C,债券型
026052.OF,信澳鑫丰C,债券型
026051.OF,信澳鑫丰A,债券型
026045.OF,华商安元A,债券型
017286.OF,中航祥泰6个月封闭A,债券型
024999.OF,中航祥泰6个月封闭C,债券型
026135.OF,泰康裕泽A,债券型
026136.OF,泰康裕泽C,债券型
026435.OF,金信民旺E,债券型
026023.OF,汇泉安悦90天持有A,债券型
026024.OF,汇泉安悦90天持有C,债券型
026042.OF,天弘普利90天持有C,债券型
026041.OF,天弘普利90天持有A,债券型
026316.OF,广发弘利3个月滚动持有A,债券型
026056.OF,东方红汇裕C,债券型
026055.OF,东方红汇裕A,债券型
026162.OF,招商安琪C,债券型
026063.OF,大成元瑞诚利C,债券型
026062.OF,大成元瑞诚利A,债券型
026161.OF,招商安琪A,债券型
026317.OF,广发弘利3个月滚动持有C,债券型
026049.OF,华夏卓安A,债券型
026064.OF,苏新苏匠A,债券型
026050.OF,华夏卓安C,债券型
025977.OF,大摩添益A,债券型
025978.OF,大摩添益C,债券型
026318.OF,广发昭利中短债A,债券型
026319.OF,广发昭利中短债B,债券型
026320.OF,广发昭利中短债C,债券型
026133.OF,鹏华睿和90天持有A,债券型
026315.OF,广发多添利六个月持有C,债券型
026134.OF,鹏华睿和90天持有C,债券型
026314.OF,广发多添利六个月持有A,债券型
025285.OF,京管泰富京信A,债券型
026322.OF,广发乾利一年持有C,债券型
026321.OF,广发乾利一年持有A,债券型
026065.OF,苏新苏匠C,债券型
025286.OF,京管泰富京信C,债券型
024946.OF,国联稳健鑫益C,债券型
024945.OF,国联稳健鑫益A,债券型
026032.OF,中欧稳达三个月滚动持有C,债券型
026031.OF,中欧稳达三个月滚动持有A,债券型
026035.OF,中欧稳达中短债A,债券型
026036.OF,中欧稳达中短债C,债券型
026342.OF,兴银长乐半年定期C,债券型
025282.OF,富国稳健双景C,债券型
025281.OF,富国稳健双景A,债券型
024129.OF,宏利嘉利C,债券型
024128.OF,宏利嘉利A,债券型
025740.OF,国泰利享鑫益90天持有C,债券型
025739.OF,国泰利享鑫益90天持有A,债券型
025135.OF,信澳丰享利率债C,债券型
025134.OF,信澳丰享利率债A,债券型
025270.OF,浦银安盛稳健双利A,债券型
026039.OF,长信稳健添益A,债券型
026021.OF,华夏增利一年持有A,债券型
026022.OF,华夏增利一年持有C,债券型
026040.OF,长信稳健添益C,债券型
025271.OF,浦银安盛稳健双利C,债券型
025743.OF,安信瑞安30天持有中短债C,债券型
025742.OF,安信瑞安30天持有中短债B,债券型
025741.OF,安信瑞安30天持有中短债A,债券型
026033.OF,平安添元6个月持有A,债券型
026034.OF,平安添元6个月持有C,债券型
025563.OF,国富恒安30天持有A,债券型
025991.OF,广发集辉A,债券型
025992.OF,广发集辉C,债券型
025321.OF,兴银裕安增利A,债券型
025564.OF,国富恒安30天持有C,债券型
025322.OF,兴银裕安增利C,债券型
026010.OF,东财禧悦90天滚动持有中短债A,债券型
025744.OF,安信瑞鸿中短债A,债券型
026011.OF,东财禧悦90天滚动持有中短债C,债券型
025887.OF,国联金如意3个月滚动持有A,债券型
025888.OF,国联金如意3个月滚动持有C,债券型
026249.OF,长城稳固收益D,债券型
026008.OF,东财鑫享30天滚动持有中短债A,债券型
025746.OF,安信瑞鸿中短债C,债券型
025745.OF,安信瑞鸿中短债B,债券型
026009.OF,东财鑫享30天滚动持有中短债C,债券型
025889.OF,国联金如意双利一年持有A,债券型
025890.OF,国联金如意双利一年持有B,债券型
025891.OF,国联金如意双利一年持有C,债券型
025962.OF,永赢优选增强A,债券型
025963.OF,永赢优选增强C,债券型
024568.OF,财通资管通达稳鑫3个月持有型A,债券型
024151.OF,长城丰泽C,债券型
024569.OF,财通资管通达稳鑫3个月持有型C,债券型
024150.OF,长城丰泽A,债券型
025731.OF,鹏华睿享180天持有C,债券型
026225.OF,招商添兴6个月定开C,债券型
025670.OF,信澳水星聚利中短债C,债券型
025730.OF,鹏华睿享180天持有A,债券型
025671.OF,信澳水星聚利中短债E,债券型
025669.OF,信澳水星聚利中短债A,债券型
025582.OF,光大阳光北斗星9个月持有A,债券型
025272.OF,中金恒宁A,债券型
025273.OF,中金恒宁C,债券型
026025.OF,华夏六个月滚动持有A,债券型
025583.OF,光大阳光北斗星9个月持有C,债券型
025531.OF,光大阳光稳债中短债A,债券型
025532.OF,光大阳光稳债中短债C,债券型
026026.OF,华夏六个月滚动持有C,债券型
025101.OF,信澳鑫诚3个月持有A,债券型
025102.OF,信澳鑫诚3个月持有C,债券型
023798.OF,西部利得双季享6个月持有A,债券型
023799.OF,西部利得双季享6个月持有C,债券型
024995.OF,汇添富稳颐优选A,债券型
024996.OF,汇添富稳颐优选C,债券型
025260.OF,华安沣泰A,债券型
025261.OF,华安沣泰C,债券型
025640.OF,国泰民安增利D,债券型
026061.OF,国泰民安增利F,债券型
025975.OF,前海联合弘利A,债券型
025976.OF,前海联合弘利C,债券型
025093.OF,天弘匠心回报C,债券型
025092.OF,天弘匠心回报A,债券型
026080.OF,鹏华创兴增利E,债券型
023699.OF,长城元利C,债券型
023698.OF,长城元利A,债券型
025593.OF,国泰海通安泰三个月持有C,债券型
025592.OF,国泰海通安泰三个月持有A,债券型
025590.OF,国泰海通安润90天持有中短债A,债券型
025591.OF,国泰海通安润90天持有中短债C,债券型
026027.OF,财信30天持有A,债券型
026028.OF,财信30天持有C,债券型
025897.OF,国联汇富C,债券型
025896.OF,国联汇富A,债券型
025714.OF,富国安元120天持有C,债券型
025713.OF,富国安元120天持有A,债券型
024294.OF,创金合信恒鑫60天滚动持有A,债券型
024295.OF,创金合信恒鑫60天滚动持有C,债券型
026017.OF,银华盛泓E,债券型
025146.OF,华富裕诚一年持有A,债券型
025142.OF,华富富泽六个月持有A,债券型
025147.OF,华富裕诚一年持有C,债券型
025145.OF,华富安颐九个月持有C,债券型
025144.OF,华富安颐九个月持有A,债券型
025148.OF,华富裕诚一年持有D,债券型
025143.OF,华富富泽六个月持有C,债券型
025594.OF,国泰海通安裕中短债A,债券型
023664.OF,中信保诚稳和利率债A,债券型
025595.OF,国泰海通安裕中短债C,债券型
025600.OF,国泰海通海升六个月持有A,债券型
025601.OF,国泰海通海升六个月持有C,债券型
023665.OF,中信保诚稳和利率债C,债券型
023464.OF,工银稳健丰裕30天持有C,债券型
024586.OF,中信建投稳鑫30天持有A,债券型
023576.OF,海富通稳鑫三个月持有C,债券型
025283.OF,大成元享臻利A,债券型
025555.OF,国富恒泽90天持有C,债券型
025156.OF,华泰保兴兴元180天封闭A,债券型
025284.OF,大成元享臻利C,债券型
025157.OF,华泰保兴兴元180天封闭C,债券型
023463.OF,工银稳健丰裕30天持有A,债券型
025554.OF,国富恒泽90天持有A,债券型
025001.OF,国泰海通稳健泰裕C,债券型
025000.OF,国泰海通稳健泰裕A,债券型
023575.OF,海富通稳鑫三个月持有A,债券型
025085.OF,兴华安聚纯债D,债券型
023678.OF,百嘉百达利率债C,债券型
024587.OF,中信建投稳鑫30天持有C,债券型
023677.OF,百嘉百达利率债A,债券型
025290.OF,建信丰泽C,债券型
025289.OF,建信丰泽A,债券型
025630.OF,鹏华安泰中短债C,债券型
025629.OF,鹏华安泰中短债A,债券型
025040.OF,东方红汇明C,债券型
025039.OF,东方红汇明A,债券型
024553.OF,财通安盛90天滚动持有C,债券型
024552.OF,财通安盛90天滚动持有A,债券型
024554.OF,财通安盛90天滚动持有E,债券型
025631.OF,鹏华睿丰A,债券型
024494.OF,平安元亨120天持有C,债券型
024493.OF,平安元亨120天持有A,债券型
025939.OF,圆信永丰兴益三个月定开C,债券型
025915.OF,鹏华产业债D,债券型
025632.OF,鹏华睿丰C,债券型
025627.OF,国泰海通鑫悦A,债券型
025623.OF,国泰海通鑫选三个月持有A,债券型
025628.OF,国泰海通鑫悦C,债券型
025625.OF,国泰海通鑫逸A,债券型
025626.OF,国泰海通鑫逸C,债券型
025624.OF,国泰海通鑫选三个月持有C,债券型
025621.OF,国泰海通鑫诚六个月持有A,债券型
025622.OF,国泰海通鑫诚六个月持有C,债券型
025596.OF,国泰海通安悦A,债券型
025597.OF,国泰海通安悦C,债券型
024959.OF,富国稳健添荣C,债券型
024958.OF,富国稳健添荣A,债券型
025251.OF,天弘稳利回报A,债券型
025252.OF,天弘稳利回报C,债券型
024290.OF,中航月月鑫30天持有A,债券型
024291.OF,中航月月鑫30天持有C,债券型
024092.OF,国金安和A,债券型
025266.OF,国泰稳健添利A,债券型
025267.OF,国泰稳健添利C,债券型
024093.OF,国金安和C,债券型
024303.OF,财通资管鸿曜90天持有A,债券型
024304.OF,财通资管鸿曜90天持有C,债券型
025305.OF,中欧优利A,债券型
025306.OF,中欧优利C,债券型
025154.OF,华富安和A,债券型
025152.OF,华富安康三个月持有A,债券型
025155.OF,华富安和C,债券型
025153.OF,华富安康三个月持有C,债券型
025819.OF,博时裕发纯债C,债券型
025240.OF,浙商惠睿纯债C,债券型
023695.OF,国寿安保尊悦纯债C,债券型
023694.OF,国寿安保尊悦纯债A,债券型
025275.OF,博时双月薪C,债券型
024106.OF,万家裕利A,债券型
024107.OF,万家裕利C,债券型
025644.OF,汇添富多元收益D,债券型
024287.OF,泰康悦享180天持有C,债券型
024286.OF,泰康悦享180天持有A,债券型
024082.OF,国联稳健添益C,债券型
024081.OF,国联稳健添益A,债券型
025643.OF,恒生前海恒源天利E,债券型
025641.OF,恒生前海恒祥纯债E,债券型
025642.OF,恒生前海恒裕E,债券型
025562.OF,大摩灵动优选E,债券型
025451.OF,南方兴利半年C,债券型
025204.OF,信澳丰睿6个月持有A,债券型
025205.OF,信澳丰睿6个月持有C,债券型
024941.OF,银华钰盈A,债券型
024942.OF,银华钰盈C,债券型
025291.OF,国投瑞银和悦180天持有A,债券型
024126.OF,太平嘉裕A,债券型
024127.OF,太平嘉裕C,债券型
024955.OF,长城兴达C,债券型
024954.OF,长城兴达A,债券型
025292.OF,国投瑞银和悦180天持有C,债券型
023802.OF,华宝安睿A,债券型
024105.OF,鑫元诚鑫添益C,债券型
025183.OF,建信宁扬60天持有E,债券型
025210.OF,信澳信利6个月持有A,债券型
025207.OF,信澳月月盈30天持有C,债券型
025206.OF,信澳月月盈30天持有A,债券型
025211.OF,信澳信利6个月持有C,债券型
025212.OF,信澳添利3个月持有A,债券型
025213.OF,信澳添利3个月持有C,债券型
024103.OF,浙商汇金锦利增强30天持有C,债券型
024102.OF,浙商汇金锦利增强30天持有A,债券型
024104.OF,鑫元诚鑫添益A,债券型
023803.OF,华宝安睿C,债券型
025303.OF,东方红汇诚A,债券型
025304.OF,东方红汇诚C,债券型
025537.OF,海富通瑞弘6个月定开C,债券型
024123.OF,华富安顺一年持有A,债券型
024124.OF,华富安顺一年持有C,债券型
024125.OF,华富安顺一年持有D,债券型
024425.OF,南方稳航120天滚动持有A,债券型
024426.OF,南方稳航120天滚动持有C,债券型
023453.OF,汇添富稳恒6个月持有A,债券型
023454.OF,汇添富稳恒6个月持有C,债券型
025230.OF,中信建投欣享C,债券型
025229.OF,中信建投欣享A,债券型
025236.OF,中信建投悠享12个月持有A,债券型
025237.OF,中信建投悠享12个月持有C,债券型
025524.OF,宏利中短债D,债券型
025410.OF,汇添富双享回报D,债券型
025463.OF,汇添富稳健回报D,债券型
025465.OF,汇添富双颐D,债券型
025297.OF,泰康悦享120天持有C,债券型
025296.OF,泰康悦享120天持有A,债券型
024517.OF,海富通聚益优选三个月持有A,债券型
024540.OF,英大安瑞6个月定开A,债券型
024541.OF,英大安瑞6个月定开C,债券型
024518.OF,海富通聚益优选三个月持有C,债券型
025482.OF,东方红信用债D,债券型
023579.OF,博时四月兴120天持有A,债券型
023580.OF,博时四月兴120天持有C,债券型
024136.OF,中泰双益C,债券型
024135.OF,中泰双益A,债券型
024963.OF,宏利集享C,债券型
024962.OF,宏利集享A,债券型
025235.OF,中信建投悦享6个月持有C,债券型
025234.OF,中信建投悦享6个月持有A,债券型
025464.OF,国泰可转债D,债券型
025414.OF,汇添富双利增强B,债券型
025413.OF,汇添富可转债D,债券型
025354.OF,汇添富双利D,债券型
025109.OF,嘉实汇利120天滚动持有纯债A,债券型
025110.OF,嘉实汇利120天滚动持有纯债C,债券型
025375.OF,鹏华稳健添利F,债券型
024300.OF,交银120天滚动持有A,债券型
024840.OF,汇添富稳弘纯债C,债券型
024839.OF,汇添富稳弘纯债A,债券型
024301.OF,交银120天滚动持有C,债券型
023653.OF,安信鑫利30天持有A,债券型
023654.OF,安信鑫利30天持有C,债券型
025400.OF,南方昌元可转债B,债券型
025344.OF,民生加银睿通3个月C,债券型
025372.OF,景顺长城景颐裕利F,债券型
025088.OF,富国安景120天滚动持有C,债券型
025087.OF,富国安景120天滚动持有A,债券型
024296.OF,华夏6个月持有A,债券型
023811.OF,兴业恒泰A,债券型
024297.OF,华夏6个月持有C,债券型
025239.OF,兴业瑞丰6个月C,债券型
023812.OF,兴业恒泰C,债券型
023225.OF,景顺长城180天持有C,债券型
023224.OF,景顺长城180天持有A,债券型
025138.OF,民生加银聚益纯债C,债券型
024527.OF,路博迈旭航C,债券型
024526.OF,路博迈旭航A,债券型
023308.OF,方正富邦稳鑫纯债C,债券型
024523.OF,国联安双月鑫60天滚动持有A,债券型
024524.OF,国联安双月鑫60天滚动持有C,债券型
025307.OF,华宝宝康债券D,债券型
025336.OF,博时稳健回报E,债券型
023307.OF,方正富邦稳鑫纯债A,债券型
025178.OF,汇添富双鑫添利D,债券型
023508.OF,富国安丰60天持有C,债券型
023507.OF,富国安丰60天持有A,债券型
025274.OF,华富可转债D,债券型
025259.OF,华宝可转债D,债券型
024947.OF,招商瑞锦回报A,债券型
024948.OF,招商瑞锦回报C,债券型
024155.OF,长盛元赢30天持有A,债券型
024156.OF,长盛元赢30天持有C,债券型
025278.OF,长城积极增利D,债券型
025241.OF,浙商惠南纯债C,债券型
024112.OF,华富富源三个月持有A,债券型
025227.OF,广发集瑞E,债券型
024113.OF,华富富源三个月持有C,债券型
025228.OF,永赢逸享B,债券型
025199.OF,银华钰祥E,债券型
025226.OF,西部利得汇盈D,债券型
024324.OF,光大添利30天滚动持有C,债券型
023684.OF,方正富邦瑞实90天持有C,债券型
023683.OF,方正富邦瑞实90天持有A,债券型
024323.OF,光大添利30天滚动持有A,债券型
024530.OF,万家稳康30天持有A,债券型
024531.OF,万家稳康30天持有C,债券型
025084.OF,民生加银高等级信用债D,债券型
025176.OF,平安如意中短债F,债券型
025177.OF,鑫元璟丰C,债券型
023240.OF,大摩恒安30天持有C,债券型
024090.OF,银华钰丰C,债券型
023239.OF,大摩恒安30天持有A,债券型
024089.OF,银华钰丰A,债券型
024937.OF,南方益稳稳健增利A,债券型
024938.OF,南方益稳稳健增利C,债券型
024528.OF,工银稳健添益A,债券型
025113.OF,东方红稳添利D,债券型
024137.OF,中加聚享昭利120天持有A,债券型
024222.OF,汇安质选增利A,债券型
024223.OF,汇安质选增利C,债券型
024529.OF,工银稳健添益C,债券型
025133.OF,万家可转债D,债券型
024138.OF,中加聚享昭利120天持有C,债券型
023837.OF,银华四月丰120天滚动持有A,债券型
023838.OF,银华四月丰120天滚动持有C,债券型
023249.OF,永赢泓利C,债券型
025128.OF,中欧多利E,债券型
023248.OF,永赢泓利A,债券型
024536.OF,招商添渝6个月持有纯债A,债券型
025050.OF,圆信永丰兴融E,债券型
024537.OF,招商添渝6个月持有纯债C,债券型
024989.OF,信澳信用债F,债券型
025062.OF,长城集利E,债券型
025019.OF,交银稳固收益D,债券型
025048.OF,民生加银增强收益E,稳定增值型
023477.OF,万家稳宁A,债券型
023478.OF,万家稳宁C,债券型
024551.OF,上银慧景利60天滚动持有C,债券型
024550.OF,上银慧景利60天滚动持有A,债券型
025055.OF,民生加银鑫享E,债券型
025033.OF,东方红益恒纯债D,债券型
024289.OF,兴业福盛C,债券型
024288.OF,兴业福盛A,债券型
024970.OF,富国稳健添辰E,债券型
024850.OF,华夏安裕中短债C,债券型
024851.OF,华夏安裕中短债E,债券型
024849.OF,华夏安裕中短债A,债券型
024281.OF,景顺长城安悦180天持有A,债券型
024988.OF,广发集远E,债券型
024282.OF,景顺长城安悦180天持有C,债券型
024583.OF,汇添富稳惠6个月持有C,债券型
023455.OF,汇添富增强回报A,债券型
024285.OF,易方达安如30天持有C,债券型
023456.OF,汇添富增强回报C,债券型
024582.OF,汇添富稳惠6个月持有A,债券型
024284.OF,易方达安如30天持有A,债券型
024784.OF,华夏债券优化一年持有A,债券型
024785.OF,华夏债券优化一年持有C,债券型
024781.OF,华夏信盈一年持有,债券型
024783.OF,华夏债券增强六个月持有C,债券型
024782.OF,华夏债券增强六个月持有A,债券型
024994.OF,宏利恒利D,债券型
024987.OF,鹏华稳健添利D,债券型
023288.OF,创金合信恒荣120天持有C,债券型
023644.OF,华富富润6个月封闭A,债券型
024961.OF,东方红益鑫纯债D,债券型
023645.OF,华富富润6个月封闭C,债券型
024971.OF,东方红短债D,债券型
024960.OF,东方红益丰纯债D,债券型
023287.OF,创金合信恒荣120天持有A,债券型
023582.OF,交银180天持有A,债券型
023583.OF,交银180天持有C,债券型
024876.OF,博时富融纯债C,债券型
024116.OF,海富通添合收益C,债券型
024115.OF,海富通添合收益A,债券型
024936.OF,交银安心收益C,债券型
024953.OF,中加聚诚纯债C,债券型
024562.OF,鹏扬淳华A,债券型
024859.OF,中银信用增利D,债券型
024563.OF,鹏扬淳华C,债券型
024843.OF,博时裕达纯债C,债券型
023786.OF,华富祥康12个月持有C,债券型
016603.OF,国泰农惠定期开放C,债券型
023785.OF,华富祥康12个月持有A,债券型
024130.OF,长盛元赢六个月定开,债券型
024017.OF,东海合益3个月定开A,债券型
024018.OF,东海合益3个月定开C,债券型
024019.OF,东海合益3个月定开D,债券型
024306.OF,兴业兴和盛A,债券型
024652.OF,汇添富稳安三个月持有D,债券型
024307.OF,兴业兴和盛C,债券型
024731.OF,富国双利增强E,债券型
024132.OF,鹏扬合利A,债券型
024095.OF,国寿安保尊兴增强回报A,债券型
024096.OF,国寿安保尊兴增强回报C,债券型
024133.OF,鹏扬合利C,债券型
024134.OF,鹏扬合利D,债券型
024707.OF,中金恒瑞A,债券型
024708.OF,中金恒瑞C,债券型
022390.OF,天弘稳兴E,债券型
022839.OF,平安元通90天滚动持有C,债券型
024496.OF,平安盈轩90天持有C,债券型
024588.OF,人保鑫利回报E,债券型
024671.OF,泰康安惠纯债D,债券型
022388.OF,天弘稳兴A,债券型
024495.OF,平安盈轩90天持有A,债券型
022838.OF,平安元通90天滚动持有A,债券型
022389.OF,天弘稳兴C,债券型
024723.OF,金鹰添瑞中短债E,债券型
024668.OF,中银欣享利率债C,债券型
024720.OF,中银中高等级D,债券型
024335.OF,建信宁扬60天持有A,债券型
024336.OF,建信宁扬60天持有C,债券型
024217.OF,汇泉安瑞回报C,债券型
024302.OF,中加聚诚纯债A,债券型
023809.OF,泓德裕惠A,债券型
023810.OF,泓德裕惠C,债券型
024216.OF,汇泉安瑞回报A,债券型
024309.OF,东财30天滚动持有C,债券型
023848.OF,宏利悦享30天持有A,债券型
023849.OF,宏利悦享30天持有C,债券型
024722.OF,兴业丰泰C,债券型
024660.OF,建信稳定鑫利E,债券型
024721.OF,兴业丰利C,债券型
024649.OF,建信利率债C,债券型
024308.OF,东财30天滚动持有A,债券型
024621.OF,华泰柏瑞锦华D,债券型
024644.OF,银河家盈C,债券型
024110.OF,融通增元A,债券型
024280.OF,招商金睿90天持有C,债券型
024279.OF,招商金睿90天持有A,债券型
024612.OF,鑫元裕利D,债券型
024111.OF,融通增元C,债券型
024490.OF,东吴中短债C,债券型
023995.OF,中信保诚汇利C,债券型
023794.OF,路博迈兴航60天滚动持有A,债券型
023795.OF,路博迈兴航60天滚动持有C,债券型
022635.OF,贝莱德安泽60天持有C,债券型
024488.OF,东吴中短债A,债券型
024489.OF,东吴中短债B,债券型
023994.OF,中信保诚汇利A,债券型
022634.OF,贝莱德安泽60天持有A,债券型
024559.OF,鑫元鸿利E,债券型
024604.OF,大成景悦D,债券型
024278.OF,国泰利惠90天滚动持有C,债券型
024615.OF,天弘稳健回报D,债券型
024277.OF,国泰利惠90天滚动持有A,债券型
023315.OF,摩根30天持有A,债券型
023316.OF,摩根30天持有C,债券型
024181.OF,泰信双息双利A,债券型
024555.OF,博时富宁纯债C,债券型
023496.OF,嘉实汇明纯债A,债券型
023497.OF,嘉实汇明纯债C,债券型
024097.OF,东海锐安短债A,债券型
024098.OF,东海锐安短债C,债券型
023343.OF,惠升和盛纯债,债券型
024505.OF,国联恒鑫纯债B,债券型
024347.OF,金信民达纯债E,债券型
024482.OF,嘉合磐恒D,债券型
024508.OF,中信保诚至泰中短债D,债券型
024036.OF,中加智选回报三个月持有C,债券型
024035.OF,中加智选回报三个月持有A,债券型
023485.OF,创金合信文丰A,债券型
023469.OF,华安众泰纯债C,债券型
023788.OF,国联稳健增益C,债券型
023486.OF,创金合信文丰C,债券型
023787.OF,国联稳健增益A,债券型
024343.OF,东方臻萃3个月定开债D,债券型
023087.OF,联博汇利A,债券型
023468.OF,华安众泰纯债A,债券型
023088.OF,联博汇利C,债券型
024209.OF,创金合信创和一个月滚动持有C,债券型
024428.OF,鹏华畅享D,债券型
023703.OF,鑫元优享30天持有A,债券型
024100.OF,东海润兴A,债券型
024208.OF,创金合信创和一个月滚动持有A,债券型
024101.OF,东海润兴C,债券型
023704.OF,鑫元优享30天持有C,债券型
023215.OF,中泰双鑫6个月持有C,债券型
023281.OF,工银稳健丰利120天滚动持有C,债券型
023280.OF,工银稳健丰利120天滚动持有A,债券型
023214.OF,中泰双鑫6个月持有A,债券型
020264.OF,嘉合磐昇纯债D,债券型
024387.OF,华安沣信E,债券型
024404.OF,兴银聚丰C,债券型
024405.OF,兴银聚丰E,债券型
023663.OF,国泰海通稳健悦享90天持有C,债券型
024334.OF,华安盈安稳健优选3个月持有E,债券型
023662.OF,国泰海通稳健悦享90天持有A,债券型
023804.OF,汇安聚利A,债券型
023292.OF,华宝宝益90天持有A,债券型
023293.OF,华宝宝益90天持有C,债券型
022339.OF,长信稳瑞纯债C,债券型
023805.OF,汇安聚利C,债券型
022338.OF,长信稳瑞纯债A,债券型
023673.OF,东方红裕丰回报C,债券型
023425.OF,华泰紫金添悦180天持有C,债券型
023424.OF,华泰紫金添悦180天持有A,债券型
023672.OF,东方红裕丰回报A,债券型
023801.OF,广发添福60天滚动持有C,债券型
024325.OF,博时月月兴30天持有E,债券型
023800.OF,广发添福60天滚动持有A,债券型
023311.OF,西部利得月月兴30天持有A,债券型
023312.OF,西部利得月月兴30天持有C,债券型
024206.OF,长信利鑫E,债券型
024305.OF,华宝安元D,债券型
023300.OF,东海祥瑞E,债券型
023493.OF,华富吉福120天滚动持有C,债券型
023492.OF,华富吉福120天滚动持有A,债券型
023131.OF,圆信永丰兴和60天滚动持有A,债券型
023132.OF,圆信永丰兴和60天滚动持有C,债券型
024259.OF,大成景兴信用债D,债券型
024251.OF,工银尊利中短债D,债券型
023649.OF,汇安裕宏利率债A,债券型
023650.OF,汇安裕宏利率债C,债券型
023637.OF,易方达安旭90天持有C,债券型
023375.OF,安信锦顺利率债C,债券型
023374.OF,安信锦顺利率债A,债券型
024269.OF,泰康安泽中短债E,债券型
023636.OF,易方达安旭90天持有A,债券型
023491.OF,民生加银恒悦,债券型
024205.OF,华夏卓享D,债券型
024212.OF,嘉实稳固收益D,债券型
024213.OF,嘉实稳宏D,债券型
023707.OF,东海海鑫双悦3个月持有A,债券型
023708.OF,东海海鑫双悦3个月持有C,债券型
023681.OF,格林60天持有A,债券型
023682.OF,格林60天持有C,债券型
024178.OF,博时裕顺纯债C,债券型
023251.OF,信澳季季鑫90天持有C,债券型
023327.OF,恒生前海福瑞30天持有A,债券型
023328.OF,恒生前海福瑞30天持有C,债券型
023488.OF,西部利得裕丰回报C,债券型
024165.OF,泰康稳健双利D,债券型
023818.OF,景顺长城优信增利F,债券型
023487.OF,西部利得裕丰回报A,债券型
023295.OF,民生加银稳鑫120天滚动持有C,债券型
023294.OF,民生加银稳鑫120天滚动持有A,债券型
023266.OF,贝莱德富元添益A,债券型
023250.OF,信澳季季鑫90天持有A,债券型
023267.OF,贝莱德富元添益C,债券型
024152.OF,万家稳健增利D,稳定增值型
023791.OF,浦银安盛普航3个月定开,债券型
023541.OF,中欧稳航90天持有C,债券型
023540.OF,中欧稳航90天持有A,债券型
024008.OF,圆信永丰瑞盈E,债券型
023846.OF,诺德丰景90天持有A,债券型
023953.OF,汇安嘉盈一年持有E,债券型
023847.OF,诺德丰景90天持有C,债券型
024094.OF,圆信永丰强化收益E,债券型
023996.OF,博时丰庆纯债C,债券型
022788.OF,国投瑞银恒信A,债券型
022789.OF,国投瑞银恒信C,债券型
024077.OF,南方希元可转债D,债券型
024066.OF,金鹰稳利配置三个月持有B,债券型
024080.OF,安信长鑫增强D,债券型
024067.OF,金鹰稳利配置三个月持有D,债券型
024109.OF,金鹰添裕纯债D,债券型
023997.OF,平安鼎信D,债券型
023360.OF,平安元裕90天持有A,债券型
023361.OF,平安元裕90天持有C,债券型
023538.OF,华夏安和A,债券型
023910.OF,金信民兴E,债券型
022363.OF,渤海汇金1个月持有C,债券型
022362.OF,渤海汇金1个月持有A,债券型
023171.OF,兴华安泽纯债A,债券型
023172.OF,兴华安泽纯债C,债券型
023539.OF,华夏安和C,债券型
023991.OF,华富恒利E,债券型
023992.OF,前海开源可转债C,债券型
023985.OF,恒生前海恒利纯债E,债券型
023983.OF,南方浩祥3个月持有C,债券型
023987.OF,恒生前海恒润纯债E,债券型
023988.OF,恒生前海恒源昭利E,债券型
023986.OF,恒生前海恒悦纯债E,债券型
023356.OF,博道和盈利率债A,债券型
023357.OF,博道和盈利率债C,债券型
023640.OF,银华季季丰90天滚动持有A,债券型
023641.OF,银华季季丰90天滚动持有C,债券型
023977.OF,中欧优享E,债券型
023973.OF,平安惠泽C,债券型
023972.OF,博时天颐E,债券型
023974.OF,平安惠泽E,债券型
023966.OF,大成元辰招利D,债券型
021401.OF,嘉实稳祥纯债E,债券型
023888.OF,交银裕道纯债一年定开C,债券型
023317.OF,华泰保兴开元3个月持有A,债券型
023878.OF,国联安增瑞政策性金融债D,债券型
023692.OF,诺德安悦,债券型
023318.OF,华泰保兴开元3个月持有C,债券型
023928.OF,中欧可转债E,债券型
023844.OF,交银增利增强D,债券型
023691.OF,中信保诚稳益D,债券型
023689.OF,中信保诚稳丰D,债券型
023688.OF,中信保诚优质纯债D,债券型
023690.OF,中信保诚稳利D,债券型
023783.OF,山证资管裕享增强E,债券型
023867.OF,安信永利信用D,债券型
023219.OF,国寿安保尊富30天持有C,债券型
023792.OF,国投瑞银双债增利D,债券型
023768.OF,国投瑞银中高等级D,债券型
023218.OF,国寿安保尊富30天持有A,债券型
023793.OF,国投瑞银双债增利E,债券型
023808.OF,交银安心收益D,债券型
023529.OF,摩根60天持有C,债券型
023658.OF,大成元鸿锦利C,债券型
023528.OF,摩根60天持有A,债券型
023657.OF,大成元鸿锦利A,债券型
023114.OF,施罗德添源纯债C,债券型
023813.OF,摩根双债增利D,债券型
023113.OF,施罗德添源纯债A,债券型
023816.OF,兴业天禧C,债券型
023784.OF,中欧增强回报D,债券型
023772.OF,鹏华稳健添利E,债券型
023066.OF,安联安裕A,债券型
022394.OF,华泰柏瑞锦华C,债券型
022816.OF,浙商汇金聚沣30天持有高等级C,债券型
023282.OF,永赢多元增利A,债券型
023642.OF,合煦智远欣悦利率债A,债券型
023283.OF,永赢多元增利C,债券型
023643.OF,合煦智远欣悦利率债C,债券型
023574.OF,长信利众E,债券型
022393.OF,华泰柏瑞锦华A,债券型
022815.OF,浙商汇金聚沣30天持有高等级A,债券型
023067.OF,安联安裕C,债券型
023338.OF,兴银鑫裕丰六个月持有C,债券型
023716.OF,嘉实致盈D,债券型
023337.OF,兴银鑫裕丰六个月持有A,债券型
023718.OF,嘉实商业银行精选D,债券型
023027.OF,大成景苏利率债C,债券型
023058.OF,富国安怡120天持有C,债券型
023057.OF,富国安怡120天持有A,债券型
023026.OF,大成景苏利率债A,债券型
023258.OF,宏利悦利利率债A,债券型
023259.OF,宏利悦利利率债C,债券型
023471.OF,南方泽享稳健添利A,债券型
022998.OF,平安元享90天持有C,债券型
022059.OF,信澳鑫怡A,债券型
022997.OF,平安元享90天持有A,债券型
023472.OF,南方泽享稳健添利C,债券型
022314.OF,惠升和荣90天滚动持有C,债券型
022060.OF,信澳鑫怡C,债券型
022313.OF,惠升和荣90天滚动持有A,债券型
023702.OF,银华可转债D,债券型
023296.OF,富国安阳90天持有A,债券型
023297.OF,富国安阳90天持有C,债券型
022308.OF,摩根90天持有C,债券型
023628.OF,平安鼎信F,债券型
023697.OF,银河久泰纯债C,债券型
022307.OF,摩根90天持有A,债券型
023612.OF,蜂巢丰嘉E,债券型
023676.OF,长盛盛和D,债券型
023589.OF,长城中短债A,债券型
023590.OF,长城中短债C,债券型
023586.OF,长城三个月滚动持有A,债券型
023587.OF,长城三个月滚动持有B,债券型
023588.OF,长城三个月滚动持有C,债券型
023031.OF,招商稳嘉120天滚动持有纯债C,债券型
023030.OF,招商稳嘉120天滚动持有纯债A,债券型
022031.OF,华安安恒回报A,债券型
023615.OF,银华远景D,债券型
022032.OF,华安安恒回报C,债券型
023358.OF,中欧稳添90天滚动持有A,债券型
023359.OF,中欧稳添90天滚动持有C,债券型
023626.OF,南方崇元E,债券型
023310.OF,博时恒泰E,债券型
023646.OF,前海开源鼎瑞D,债券型
022669.OF,尚正正达C,债券型
023284.OF,华夏聚益优选三个月持有A,债券型
023285.OF,华夏聚益优选三个月持有C,债券型
022668.OF,尚正正达A,债券型
023611.OF,中信保诚双盈C,债券型
023557.OF,富安达富祥利率债D,债券型
006866.OF,汇安嘉鑫纯债C,债券型
023599.OF,中信保诚安鑫回报D,债券型
023600.OF,中信保诚安鑫回报E,债券型
023604.OF,景顺长城景泰益利C,债券型
022843.OF,摩根恒鑫C,债券型
022842.OF,摩根恒鑫A,债券型
023465.OF,国投瑞银和兴E,债券型
023489.OF,国投瑞银恒泽中短债E,债券型
023578.OF,平安添裕E,债券型
022657.OF,建信丰融A,债券型
022658.OF,建信丰融C,债券型
023216.OF,华安众利120天持有A,债券型
023546.OF,永赢悦享B,债券型
023217.OF,华安众利120天持有C,债券型
022772.OF,易方达稳裕120天滚动持有A,债券型
022773.OF,易方达稳裕120天滚动持有C,债券型
022624.OF,万家鑫明C,债券型
022623.OF,万家鑫明A,债券型
022813.OF,人保民瑞30天滚动持有A,债券型
023490.OF,国投瑞银中高等级E,债券型
022814.OF,人保民瑞30天滚动持有C,债券型
023511.OF,华商瑞丰短债F,债券型
019627.OF,中邮定期开放E,债券型
023512.OF,景顺长城景颐丰利F,债券型
023450.OF,博时稳定价值E,债券型
023276.OF,中银淳利三个月持有C,债券型
023275.OF,中银淳利三个月持有A,债券型
023309.OF,博时宏观回报E,债券型
023237.OF,富国安嘉60天滚动持有A,债券型
022595.OF,金鹰安荣配置两年持有D,债券型
023238.OF,富国安嘉60天滚动持有C,债券型
023302.OF,鹏华添和30天持有C,债券型
023301.OF,鹏华添和30天持有A,债券型
023406.OF,汇添富纯债B,债券型
023416.OF,天弘丰益E,债券型
023403.OF,前海开源鼎裕D,债券型
023364.OF,平安添悦E,债券型
023391.OF,天弘合利E,债券型
023346.OF,博时裕新纯债C,债券型
022197.OF,华富鼎信3个月持有A,债券型
022198.OF,华富鼎信3个月持有C,债券型
023392.OF,景顺长城稳健增益F,债券型
023256.OF,东海增益E,债券型
023041.OF,中欧多利C,债券型
021747.OF,南方悦享稳健添利C,债券型
021746.OF,南方悦享稳健添利A,债券型
023277.OF,华夏鼎合A,债券型
023278.OF,华夏鼎合C,债券型
022682.OF,平安盈弘6个月持有A,债券型
023351.OF,兴银合丰政策性金融债E,债券型
022683.OF,平安盈弘6个月持有C,债券型
023349.OF,泓德裕和纯债D,债券型
023040.OF,中欧多利A,债券型
023210.OF,国泰海通君得盈D,债券型
022594.OF,金鹰安荣配置两年持有A,债券型
023077.OF,诺德安锦利率债,债券型
022397.OF,大成添鑫A,债券型
022398.OF,大成添鑫C,债券型
022068.OF,建信鑫源90天持有C,债券型
022067.OF,建信鑫源90天持有A,债券型
021582.OF,贝莱德和悦利率债C,债券型
023068.OF,鹏华添泽120天滚动持有A,债券型
023069.OF,鹏华添泽120天滚动持有C,债券型
021581.OF,贝莱德和悦利率债A,债券型
023274.OF,万家安弘D,债券型
022199.OF,金鹰稳利配置三个月持有A,债券型
023141.OF,国泰金龙债券D,债券型
022200.OF,金鹰稳利配置三个月持有C,债券型
023241.OF,安信长鑫增强E,债券型
023168.OF,创金合信怡久回报E,债券型
023189.OF,平安添润E,债券型
022977.OF,平安利率债E,债券型
023194.OF,平安鼎信E,债券型
022611.OF,国泰利添120天滚动持有A,债券型
023048.OF,南方通利E,债券型
022612.OF,国泰利添120天滚动持有C,债券型
023047.OF,南方达元E,债券型
023165.OF,博时转债增强E,债券型
021552.OF,广发景裕纯债A,债券型
023166.OF,兴全恒嘉30天持有E,债券型
023164.OF,招商安和D,债券型
021553.OF,广发景裕纯债C,债券型
023139.OF,南方ESG纯债C,债券型
023079.OF,南方泽元C,债券型
023080.OF,长信利保E,债券型
023092.OF,招商招坤纯债D,债券型
023085.OF,招商招旭纯债E,债券型
022648.OF,博时月月兴30天持有A,债券型
022649.OF,博时月月兴30天持有C,债券型
023017.OF,南方丰元信用增强D,债券型
022978.OF,博时臻选楚汇三个月持有B,债券型
023091.OF,鑫元合丰纯债D,债券型
023046.OF,南方骏元中短期利率债C,债券型
023018.OF,南方恩元C,债券型
023019.OF,南方臻元C,债券型
022786.OF,大摩稳丰利率债A,债券型
022787.OF,大摩稳丰利率债C,债券型
023072.OF,招商招悦纯债D,债券型
022638.OF,东方招益C,债券型
022637.OF,东方招益A,债券型
022419.OF,中欧优享A,债券型
022659.OF,平安惠泰C,债券型
022993.OF,中信保诚稳瑞D,债券型
022994.OF,中信保诚稳健D,债券型
022420.OF,中欧优享C,债券型
022396.OF,国泰海通稳健添利C,债券型
022395.OF,国泰海通稳健添利A,债券型
022991.OF,鹏华丰收D,收益型
022889.OF,广发汇宜一年定开C,债券型
023063.OF,国投瑞银和宜E,债券型
022808.OF,创金合信恒睿90天持有C,债券型
023020.OF,南方臻利3个月定开E,债券型
023025.OF,南方升元中短期利率债D,债券型
022807.OF,创金合信恒睿90天持有A,债券型
023015.OF,招商招华纯债D,债券型
022989.OF,鹏华丰收A,收益型
022990.OF,鹏华丰收C,收益型
022619.OF,永赢安和30天持有A,债券型
022620.OF,永赢安和30天持有C,债券型
022007.OF,国泰利民安悦30天持有A,债券型
023012.OF,南方信元C,债券型
022008.OF,国泰利民安悦30天持有C,债券型
022878.OF,长城久稳E,债券型
022877.OF,交银丰晟收益E,债券型
022876.OF,南方光元C,债券型
022616.OF,路博迈悦航30天持有C,债券型
022761.OF,鹏华绿色,债券型
022615.OF,路博迈悦航30天持有A,债券型
022984.OF,鹏华纯债B,债券型
022968.OF,银河丰利C,债券型
022986.OF,华宝双债增强D,债券型
022305.OF,天弘月月宝30天持有A,债券型
022871.OF,中加裕盈纯债C,债券型
022875.OF,南方宁元C,债券型
022622.OF,民生加银双月鑫60天持有C,债券型
022747.OF,申万菱信恒利三个月定开C,债券型
022829.OF,南方定元中短债D,债券型
022306.OF,天弘月月宝30天持有C,债券型
022380.OF,富国安泽C,债券型
022621.OF,民生加银双月鑫60天持有A,债券型
022213.OF,中信保诚乾元30天持有A,债券型
022214.OF,中信保诚乾元30天持有C,债券型
022379.OF,富国安泽A,债券型
022874.OF,南方赢元C,债券型
022830.OF,华富安鑫C,债券型
022760.OF,华富安享C,债券型
022872.OF,南方耀元C,债券型
022798.OF,博时富发纯债D,债券型
022870.OF,博时裕恒纯债C,债券型
022775.OF,财通汇利纯债C,债券型
022738.OF,国泰海通安睿纯债C,债券型
022479.OF,汇丰晋信绿色A,债券型
022799.OF,博时富华纯债D,债券型
022401.OF,财通安泰利率债,债券型
022806.OF,博时富益纯债C,债券型
022828.OF,南方赢元D,债券型
022480.OF,汇丰晋信绿色C,债券型
021798.OF,财通稳裕回报C,债券型
022404.OF,信澳稳悦60天滚动持有C,债券型
022766.OF,博时裕荣纯债D,债券型
022809.OF,博时裕乾E,债券型
021797.OF,财通稳裕回报A,债券型
022758.OF,国泰海通君得盛D,债券型
022639.OF,太平恒庆利率债A,债券型
022640.OF,太平恒庆利率债C,债券型
022403.OF,信澳稳悦60天滚动持有A,债券型
022744.OF,广发可转债D,债券型
022737.OF,南方贺元利率债D,债券型
022736.OF,南方景元中高等级信用债D,债券型
022617.OF,摩根共同分类目录绿色A,债券型
022767.OF,博时裕弘纯债D,债券型
022618.OF,摩根共同分类目录绿色C,债券型
022722.OF,博时信用优选E,债券型
022753.OF,汇安稳裕C,债券型
022349.OF,融通稳鑫90天持有C,债券型
022348.OF,融通稳鑫90天持有A,债券型
021786.OF,天弘永利兴宁A,债券型
021787.OF,天弘永利兴宁C,债券型
022318.OF,兴全恒嘉30天持有A,债券型
022356.OF,长盛元赢四个月定开,债券型
022319.OF,兴全恒嘉30天持有C,债券型
022399.OF,东海增益A,债券型
022400.OF,东海增益C,债券型
022730.OF,创金合信转债精选E,债券型
022721.OF,创金合信尊盛C,债券型
021266.OF,中信保诚稳悦D,债券型
022010.OF,华富祥晖6个月持有A,债券型
020556.OF,中信保诚景瑞D,债券型
020504.OF,中信保诚稳鑫D,债券型
022712.OF,中信保诚惠泽18个月C,债券型
020927.OF,中信保诚稳鸿D,债券型
022684.OF,创金合信尊泰纯债C,债券型
022713.OF,中信保诚惠泽18个月D,债券型
022317.OF,施罗德添益C,债券型
022011.OF,华富祥晖6个月持有C,债券型
022316.OF,施罗德添益A,债券型
022667.OF,永赢瑞益D,债券型
022506.OF,泓德裕泰D,债券型
022662.OF,永赢润益B,债券型
022660.OF,永赢宏泰D,债券型
022304.OF,贝莱德安裕90天持有C,债券型
022408.OF,鑫元睿鑫添益A,债券型
022409.OF,鑫元睿鑫添益C,债券型
022303.OF,贝莱德安裕90天持有A,债券型
022656.OF,国泰民安增益E,债券型
021802.OF,汇添富丰穗60天持有C,债券型
021801.OF,汇添富丰穗60天持有A,债券型
021575.OF,平安元恒90天持有C,债券型
022016.OF,华泰柏瑞集利A,债券型
021574.OF,平安元恒90天持有A,债券型
022608.OF,人保鑫泽纯债E,债券型
022593.OF,人保鑫盛纯债E,债券型
022017.OF,华泰柏瑞集利C,债券型
022652.OF,圆信永丰丰和中短债E,债券型
022322.OF,汇添富稳航30天持有D,债券型
021942.OF,中海丰泽利率债C,债券型
022515.OF,农银汇理金盈C,债券型
021941.OF,中海丰泽利率债A,债券型
022582.OF,天弘工盈三个月持有E,债券型
022581.OF,天弘弘择短债E,债券型
021517.OF,兴华兴利A,债券型
022591.OF,人保鑫瑞中短债E,债券型
022589.OF,南方稳福120天持有E,债券型
021518.OF,兴华兴利C,债券型
022537.OF,天弘季季兴三个月定开债E,债券型
022584.OF,天弘齐享E,债券型
022536.OF,天弘安益E,债券型
022602.OF,天弘信利E,债券型
022407.OF,苏新鑫盛利率债,债券型
021679.OF,永赢安泽6个月持有C,债券型
022542.OF,天弘优选E,债券型
021761.OF,红塔红土30天持有A,债券型
022074.OF,平安元嘉90天持有A,债券型
022075.OF,平安元嘉90天持有C,债券型
021678.OF,永赢安泽6个月持有A,债券型
022585.OF,申万菱信安泰景利纯债C,债券型
021680.OF,永赢安泽6个月持有E,债券型
021762.OF,红塔红土30天持有C,债券型
022580.OF,天弘增利E,债券型
022579.OF,天弘多元增利E,债券型
022574.OF,鹏华丰达D,债券型
022592.OF,中加聚鑫纯债一年D,债券型
022552.OF,天弘优利短债D,债券型
022587.OF,天弘增益回报E,债券型
022516.OF,泰信增强收益D,债券型
022564.OF,永赢昭利B,债券型
022553.OF,天弘优利短债E,债券型
022568.OF,金鹰元丰D,债券型
022295.OF,财通聚利纯债C,债券型
021611.OF,银河银信添利E,债券型
022583.OF,天弘添利F,债券型
021671.OF,银河天盈中短债E,债券型
022413.OF,诺德短债D,债券型
022538.OF,天弘招利短债E,债券型
022530.OF,天弘安怡30天滚动持有E,债券型
021342.OF,建信鑫诚90天持有A,债券型
021343.OF,建信鑫诚90天持有C,债券型
021435.OF,博时季季兴90天滚动持有A,债券型
022529.OF,天弘安怡30天滚动持有A,债券型
021928.OF,湘财鑫裕纯债A,债券型
022557.OF,天弘丰利F,债券型
021436.OF,博时季季兴90天滚动持有C,债券型
022512.OF,南方亚洲美元债E人民币,债券型
021929.OF,湘财鑫裕纯债C,债券型
022534.OF,景顺长城稳定收益F,债券型
022517.OF,中加聚利纯债定开D,债券型
022540.OF,天弘安利短债E,债券型
022532.OF,天弘安悦90天滚动持有E,债券型
022531.OF,天弘安悦90天滚动持有A,债券型
022539.OF,天弘安利短债D,债券型
022503.OF,富国全球债券人民币E,债券型
022527.OF,天弘多元收益E,债券型
022526.OF,天弘永利优享E,债券型
022484.OF,金鹰元祺信用债C,债券型
022279.OF,融通通和D,债券型
022510.OF,鹏华丰盛稳固收益A,债券型
022511.OF,鹏华丰盛稳固收益D,债券型
022477.OF,鹏华丰顺C,债券型
022065.OF,西部利得沣睿利率债A,债券型
022066.OF,西部利得沣睿利率债C,债券型
022209.OF,中信保诚90天持有A,债券型
022210.OF,中信保诚90天持有C,债券型
022012.OF,宏利鑫享90天持有A,债券型
021854.OF,博时稳健恒利C,债券型
021853.OF,博时稳健恒利A,债券型
022013.OF,宏利鑫享90天持有C,债券型
022487.OF,财通资管鸿慧中短债I,债券型
022374.OF,富国亚洲收益人民币E,债券型
022378.OF,浙商惠利纯债C,债券型
022402.OF,华商瑞丰短债E,债券型
022018.OF,景顺长城景颐合利A,债券型
022019.OF,景顺长城景颐合利C,债券型
022045.OF,招商安宁C,债券型
022375.OF,招商鑫诚短债D,债券型
022044.OF,招商安宁A,债券型
022406.OF,天弘月月兴30天持有E,债券型
022381.OF,金鹰添祥中短债D,债券型
022329.OF,中泰安弘C,债券型
022061.OF,申万菱信季季瑞三个月持有纯债A,债券型
022002.OF,平安中短债I,债券型
022062.OF,申万菱信季季瑞三个月持有纯债C,债券型
022271.OF,合煦智远稳进纯债E,债券型
021128.OF,恒越季季乐3个月滚动持有C,债券型
021127.OF,恒越季季乐3个月滚动持有A,债券型
022360.OF,永赢易弘B,债券型
022240.OF,嘉实丰益纯债C,债券型
022357.OF,富国盛利增强E,债券型
022315.OF,东方红益丰纯债E,债券型
022355.OF,南方皓元短债E,债券型
022289.OF,银河沃丰C,债券型
022217.OF,合煦智远嘉悦利率债E,债券型
019639.OF,华安众鑫90天滚动持有E,债券型
022268.OF,永赢迅利中高等级短债D,债券型
022297.OF,大成稳康6个月持有E,债券型
022266.OF,博时裕泉纯债C,债券型
018936.OF,招商稳恒中短债60天持有D,债券型
022228.OF,博时裕盛纯债C,债券型
022263.OF,鹏华丰诚B,债券型
022280.OF,鹏华纯债A,债券型
022264.OF,鹏华丰诚E,债券型
022176.OF,国泰利享中短债F,债券型
022201.OF,国泰利安中短债F,债券型
022256.OF,鹏华丰鑫C,债券型
022257.OF,鹏华丰鑫D,债券型
022273.OF,鹏华丰和E,债券型
022141.OF,国泰利享安益短债F,债券型
022265.OF,中欧诚悦C,债券型
022261.OF,鹏华丰利D,债券型
022260.OF,鹏华丰利E,债券型
022233.OF,鹏华双债增利D,债券型
022254.OF,国联盈泽中短债B,债券型
022247.OF,大成景乐纯债D,债券型
022232.OF,鹏华双债保利A,债券型
022230.OF,金鹰年年邮享一年持有期D,债券型
022251.OF,中信保诚增强收益C,债券型
022226.OF,鹏华双债加利D,债券型
022246.OF,路博迈中高等级信用债E,债券型
022229.OF,富国兴利增强E,债券型
022244.OF,平安惠悦C,债券型
022250.OF,国寿安保超短债E,债券型
022245.OF,平安惠悦E,债券型
022227.OF,鹏华丰瑞D,债券型
022241.OF,国联恒安纯债B,债券型
022175.OF,富国宝利增强E,债券型
022242.OF,国联恒安纯债E,债券型
022036.OF,南方稳信180天持有C,债券型
022220.OF,鹏华丰盈D,债券型
022159.OF,富国丰利增强E,债券型
022235.OF,鹏华稳瑞中短债C,债券型
022236.OF,鹏华稳瑞中短债E,债券型
022034.OF,南方稳信180天持有A,债券型
022221.OF,鹏华稳健增利E,债券型
022219.OF,华润元大润泰双鑫D,债券型
022231.OF,金信民富E,债券型
022208.OF,华安稳固收益E,债券型
022234.OF,路博迈中国精选利率债C,债券型
022218.OF,华宝宝裕纯债D,债券型
022155.OF,交银裕隆纯债D,债券型
022207.OF,鹏华丰恒B,债券型
020598.OF,格林聚利增强一个月持有A,债券型
020599.OF,格林聚利增强一个月持有C,债券型
022181.OF,财通资管睿安E,债券型
022187.OF,宝盈盈泰E,债券型
021131.OF,大成稳康6个月持有A,债券型
021132.OF,大成稳康6个月持有C,债券型
018657.OF,融通通和C,债券型
022188.OF,鹏华丰泽A,债券型
022171.OF,富国新天锋E,债券型
022109.OF,华泰保兴安悦D,债券型
022140.OF,华安信用四季红E,债券型
022126.OF,国泰利安中短债E,债券型
022143.OF,富国景利纯债D,债券型
022183.OF,万家玖盛9个月D,债券型
022139.OF,平安3-5年期政策性金融债E,债券型
022111.OF,华泰保兴恒利中短债D,债券型
022094.OF,恒生前海恒源昭利A,债券型
021677.OF,国投瑞银启晨利率债,债券型
022095.OF,恒生前海恒源昭利C,债券型
022162.OF,交银纯债D,债券型
022163.OF,鹏华稳利短债D,债券型
021836.OF,东方红益恒纯债C,债券型
021825.OF,东海鑫兴30天持有C,债券型
021824.OF,东海鑫兴30天持有A,债券型
021835.OF,东方红益恒纯债A,债券型
022156.OF,鹏华可转债D,债券型
022057.OF,嘉实季季惠享3个月持有纯债C,债券型
021346.OF,永赢汇享C,债券型
015433.OF,金元顺安泓泽,债券型
022146.OF,金鹰元盛D,债券型
021345.OF,永赢汇享A,债券型
022056.OF,嘉实季季惠享3个月持有纯债A,债券型
022128.OF,华安纯债E,债券型
022138.OF,平安元泓30天滚动持有短债E,债券型
020834.OF,东兴兴诚利率债C,债券型
022107.OF,华宝中短债D,债券型
022136.OF,富国长江经济带E,债券型
022129.OF,华富安福C,债券型
022127.OF,华富可转债C,债券型
022142.OF,鹏华金利D,债券型
022130.OF,华富安福D,债券型
020833.OF,东兴兴诚利率债A,债券型
022135.OF,富国长江经济带C,债券型
022103.OF,交银裕通纯债D,债券型
022134.OF,富国增利F,债券型
022147.OF,国联安中短债D,债券型
022133.OF,富国增利E,债券型
022131.OF,鹏华普利E,债券型
022042.OF,创金合信润业央企债主题三个月定开C,债券型
022041.OF,创金合信润业央企债主题三个月定开A,债券型
022117.OF,中欧中短债D,债券型
022113.OF,国泰丰鑫纯债C,债券型
022086.OF,国泰嘉睿纯债E,债券型
021423.OF,易方达悦丰稳健A,债券型
021424.OF,易方达悦丰稳健C,债券型
022123.OF,天弘安恒60天滚动持有E,债券型
022064.OF,博时裕创纯债C,债券型
022078.OF,泰信周期回报C,债券型
022079.OF,泰信周期回报D,债券型
021628.OF,嘉实稳华纯债E,债券型
022105.OF,金鹰添利中长期信用债E,债券型
022118.OF,鹏华丰玉E,债券型
022040.OF,博时裕荣纯债C,债券型
022114.OF,前海开源弘泽D,债券型
022088.OF,永赢安泰中短债D,债券型
022089.OF,大成景轩中高等级F,债券型
022100.OF,创金合信聚利E,债券型
022071.OF,诺德安鸿纯债D,债券型
022099.OF,平安双盈添益E,债券型
021268.OF,安信180天持有C,债券型
021267.OF,安信180天持有A,债券型
022014.OF,中欧稳裕30天滚动持有A,债券型
022015.OF,中欧稳裕30天滚动持有C,债券型
021992.OF,新华双利E,债券型
022058.OF,平安双债添益E,债券型
021794.OF,国泰海通安宜纯债,债券型
021548.OF,富国稳健双鑫A,债券型
021549.OF,富国稳健双鑫C,债券型
021819.OF,华夏聚顺优选六个月持有C,债券型
021818.OF,华夏聚顺优选六个月持有A,债券型
022043.OF,财通资管鸿商中短债E,债券型
022051.OF,平安惠诚纯债C,债券型
020925.OF,格林泓卓利率债,债券型
020301.OF,平安惠嘉纯债A,债券型
020302.OF,平安惠嘉纯债C,债券型
020426.OF,中信建投景源A,债券型
021732.OF,中银证券鸿瑞A,债券型
020427.OF,中信建投景源C,债券型
021733.OF,中银证券鸿瑞C,债券型
022021.OF,平安惠享纯债D,债券型
021462.OF,达诚添利利率债A,债券型
021463.OF,达诚添利利率债C,债券型
021323.OF,博道和裕多元稳健30天持有A,债券型
022037.OF,天弘悦利D,债券型
021324.OF,博道和裕多元稳健30天持有C,债券型
022020.OF,南方定元中短债E,债券型
022033.OF,兴业短债D,债券型
021696.OF,浙商汇金聚悦利率债A,债券型
021697.OF,浙商汇金聚悦利率债C,债券型
022009.OF,南方祥元E,债券型
020298.OF,长盛盛悦A,债券型
020299.OF,长盛盛悦C,债券型
021559.OF,格林30天滚动持有A,债券型
021538.OF,天弘月月兴30天持有C,债券型
021537.OF,天弘月月兴30天持有A,债券型
021560.OF,格林30天滚动持有C,债券型
021554.OF,兴业恒悦180天持有A,债券型
021555.OF,兴业恒悦180天持有C,债券型
021999.OF,兴银朝阳C,债券型
021970.OF,平安5-10年期政策性金融债E,债券型
021960.OF,建信双债增强F,债券型
021803.OF,华商鸿信纯债,债券型
021544.OF,博远增汇纯债A,债券型
021545.OF,博远增汇纯债C,债券型
021951.OF,建信中短债纯债F,债券型
020994.OF,红土创新添益C,债券型
020993.OF,红土创新添益A,债券型
020507.OF,中银证券鸿安C,债券型
020506.OF,中银证券鸿安A,债券型
021685.OF,兴全丰德C,债券型
021684.OF,兴全丰德A,债券型
020809.OF,泰康悦享60天持有D,债券型
020810.OF,泰康悦享60天持有E,债券型
020808.OF,泰康悦享60天持有C,债券型
021955.OF,金鹰添盈纯债E,债券型
020807.OF,泰康悦享60天持有A,债券型
021954.OF,金鹰添盈纯债D,债券型
021578.OF,建信鑫益90天持有A,债券型
021242.OF,永赢逸享C,债券型
021241.OF,永赢逸享A,债券型
021579.OF,建信鑫益90天持有C,债券型
021930.OF,建信纯债F,债券型
021921.OF,汇泉安阳纯债D,债券型
020950.OF,信澳臻享A,债券型
020951.OF,信澳臻享C,债券型
021196.OF,信澳鑫泰6个月持有A,债券型
021906.OF,汇添富安心中国D,债券型
021197.OF,信澳鑫泰6个月持有C,债券型
020611.OF,东吴恒益纯债A,债券型
020612.OF,东吴恒益纯债C,债券型
021670.OF,金元顺安乾盛利率债,债券型
021912.OF,德邦新添利E,债券型
021917.OF,富荣富兴纯债C,债券型
021429.OF,中泰安弘A,债券型
021676.OF,平安双季鑫6个月持有C,债券型
020814.OF,鑫元佳享120天持有C,债券型
021675.OF,平安双季鑫6个月持有A,债券型
020813.OF,鑫元佳享120天持有A,债券型
021901.OF,平安惠轩C,债券型
021805.OF,财通资管睿丰C,债券型
020934.OF,南方尊享稳健增利C,债券型
021897.OF,广发景兴中短债E,债券型
020933.OF,南方尊享稳健增利A,债券型
021804.OF,财通资管睿丰A,债券型
021791.OF,华宝宝嘉30天持有C,债券型
021790.OF,华宝宝嘉30天持有A,债券型
021695.OF,国寿安保泰宁利率债,债券型
021883.OF,南方宝元债券E,债券型
020575.OF,华泰柏瑞安诚6个月持有A,债券型
020576.OF,华泰柏瑞安诚6个月持有C,债券型
015434.OF,金元顺安鼎泰A,债券型
015435.OF,金元顺安鼎泰C,债券型
021618.OF,嘉实致华纯债C,债券型
021776.OF,华安月月丰30天持有A,债券型
021777.OF,华安月月丰30天持有C,债券型
021888.OF,光大永利纯债D,债券型
021841.OF,海富通集利C,债券型
021834.OF,鹏扬淳利定期开放D,债券型
020212.OF,兴华安启纯债C,债券型
020211.OF,兴华安启纯债A,债券型
021868.OF,上银慧臻利率债C,债券型
021869.OF,上银慧鼎利C,债券型
021237.OF,合煦智远嘉悦利率债A,债券型
021850.OF,广发景益C,债券型
021238.OF,合煦智远嘉悦利率债C,债券型
021863.OF,招商安和E,债券型
021704.OF,信澳稳宁30天滚动持有C,债券型
021703.OF,信澳稳宁30天滚动持有A,债券型
021783.OF,路博迈中高等级信用债C,债券型
021846.OF,创金合信聚鑫E,债券型
021782.OF,路博迈中高等级信用债A,债券型
020913.OF,东兴鑫颐3个月滚动持有纯债A,债券型
020708.OF,中加瑞利纯债D,债券型
020914.OF,东兴鑫颐3个月滚动持有纯债C,债券型
021785.OF,国泰润利纯债C,债券型
021808.OF,国泰聚享纯债C,债券型
021769.OF,海富通瑞福D,债券型
021742.OF,光大超短债E,债券型
021837.OF,南方皓元短债D,债券型
021807.OF,财通资管鸿运中短债I,债券型
021772.OF,汇添富双利增强D,债券型
021774.OF,农银汇理双利回报D,债券型
021754.OF,富国颐利纯债C,债券型
021767.OF,海富通中短债D,债券型
021452.OF,富国绿色纯债C,债券型
021775.OF,招商金鸿D,债券型
020351.OF,农银金瑞利率债,债券型
021530.OF,路博迈安航90天持有A,债券型
021531.OF,路博迈安航90天持有C,债券型
021806.OF,汇安中短债F,债券型
021781.OF,南方交元C,债券型
021743.OF,鹏扬淳享D,债券型
021445.OF,华安鸿福利率债,债券型
021764.OF,永赢安怡30天持有E,债券型
019851.OF,汇添富稳宏6个月持有A,债券型
019852.OF,汇添富稳宏6个月持有C,债券型
021728.OF,兴业福益C,债券型
021468.OF,上银慧臻利率债A,债券型
021063.OF,工银瑞升A,债券型
021064.OF,工银瑞升C,债券型
020736.OF,国新国证汇铭A,债券型
021729.OF,金鹰悦享D,债券型
020241.OF,国投瑞银和宜A,债券型
020247.OF,国投瑞银和宜C,债券型
020737.OF,国新国证汇铭C,债券型
021713.OF,鑫元招利D,债券型
021657.OF,华夏纯债D,债券型
021113.OF,渤海汇金2个月滚动持有C,债券型
020946.OF,东方享誉30天滚动持有A,债券型
021339.OF,中信保诚60天持有C,债券型
021338.OF,中信保诚60天持有A,债券型
021112.OF,渤海汇金2个月滚动持有A,债券型
021347.OF,安信60天滚动持有C,债券型
021332.OF,安信60天滚动持有A,债券型
020947.OF,东方享誉30天滚动持有C,债券型
021264.OF,中信保诚景丰D,债券型
021289.OF,中金金辰,债券型
021640.OF,北信瑞丰鼎盛中短债D,债券型
021641.OF,北信瑞丰鼎盛中短债E,债券型
014732.OF,德邦锐升A,债券型
014733.OF,德邦锐升C,债券型
021079.OF,永赢安源60天滚动持有E,债券型
021136.OF,广发集享A,债券型
021078.OF,永赢安源60天滚动持有C,债券型
021077.OF,永赢安源60天滚动持有A,债券型
021137.OF,广发集享C,债券型
019793.OF,华泰保兴嘉睿3个月持有A,债券型
019794.OF,华泰保兴嘉睿3个月持有C,债券型
020452.OF,红土创新丰和利率债A,债券型
020453.OF,红土创新丰和利率债C,债券型
020396.OF,国联安双月享60天持有纯债C,债券型
020395.OF,国联安双月享60天持有纯债A,债券型
021425.OF,长城月月鑫30天持有纯债A,债券型
021426.OF,长城月月鑫30天持有纯债C,债券型
020747.OF,泰信添安增利九个月持有C,债券型
020746.OF,泰信添安增利九个月持有A,债券型
019602.OF,鹏华精新添利A,债券型
020924.OF,太平恒发三个月定开债,债券型
021410.OF,平安元利90天持有C,债券型
021261.OF,国泰海通120天持有C,债券型
021449.OF,鑫元启丰,债券型
021260.OF,国泰海通120天持有A,债券型
019603.OF,鹏华精新添利C,债券型
020912.OF,银华月月鑫30天持有C,债券型
021409.OF,平安元利90天持有A,债券型
020911.OF,银华月月鑫30天持有A,债券型
021336.OF,国联利率债C,债券型
021335.OF,国联利率债A,债券型
021444.OF,永赢安怡30天持有C,债券型
021443.OF,永赢安怡30天持有A,债券型
020936.OF,国联益诚30天持有C,债券型
020935.OF,国联益诚30天持有A,债券型
021617.OF,天弘优选C,债券型
021601.OF,交银稳利中短债E,债券型
020535.OF,国投瑞银恒扬30天持有C,债券型
020534.OF,国投瑞银恒扬30天持有A,债券型
021360.OF,国投瑞银和兴A,债券型
021361.OF,国投瑞银和兴C,债券型
021588.OF,广发景利C,债券型
021596.OF,天弘稳健回报E,债券型
020863.OF,泰康稳健双利C,债券型
020862.OF,泰康稳健双利A,债券型
021587.OF,永赢润益D,债券型
021487.OF,工银瑞和3个月定开D,债券型
021106.OF,宝盈盈悦纯债A,债券型
021107.OF,宝盈盈悦纯债C,债券型
021441.OF,申万菱信安泰添益纯债A,债券型
021008.OF,长盛嘉鑫30天持有纯债C,债券型
021007.OF,长盛嘉鑫30天持有纯债A,债券型
021442.OF,申万菱信安泰添益纯债C,债券型
021521.OF,中信保诚稳鸿E,债券型
020882.OF,长信180天持有C,债券型
020881.OF,长信180天持有A,债券型
020178.OF,嘉实双季兴享6个月持有C,债券型
020177.OF,嘉实双季兴享6个月持有A,债券型
021529.OF,中信保诚至泰中短债E,债券型
021440.OF,安信30天滚动持有C,债券型
021439.OF,安信30天滚动持有A,债券型
020067.OF,方正富邦锦利3个月定开债,债券型
020522.OF,华商安恒C,债券型
020895.OF,汇添富稳鼎120天滚动持有A,债券型
020896.OF,汇添富稳鼎120天滚动持有C,债券型
020521.OF,华商安恒A,债券型
021467.OF,新华安享惠金E,债券型
021589.OF,博时智臻纯债C,债券型
021569.OF,博时裕诚纯债C,债券型
021506.OF,华泰紫金智盈E,债券型
021413.OF,富国泓利纯债E,债券型
020789.OF,银华季季鑫90天持有A,债券型
021412.OF,富国泓利纯债D,债券型
020790.OF,银华季季鑫90天持有C,债券型
021493.OF,摩根丰瑞D,债券型
020697.OF,蜂巢稳鑫90天持有A,债券型
020703.OF,蜂巢稳鑫90天持有C,债券型
021108.OF,国泰海通180天持有A,债券型
021109.OF,国泰海通180天持有C,债券型
021321.OF,华富恒惠纯债C,债券型
021394.OF,富荣富祥纯债C,债券型
021320.OF,华富恒惠纯债A,债券型
021473.OF,摩根瑞益纯债D,债券型
021419.OF,广发汇择一年定开债D,债券型
021282.OF,上银慧元利90天持有A,债券型
021283.OF,上银慧元利90天持有C,债券型
020421.OF,鹏华永兴,债券型
020581.OF,银华钰祥A,债券型
020582.OF,银华钰祥C,债券型
021433.OF,融通债券D,债券型
021350.OF,兴业稳利30天持有A,债券型
021351.OF,兴业稳利30天持有C,债券型
021414.OF,华夏稳健增利4个月滚动持有E,债券型
021430.OF,富国投资级信用债E,债券型
021434.OF,融通通福D,债券型
021446.OF,华泰紫金丰睿D,债券型
020841.OF,汇添富稳益60天持有B,债券型
021438.OF,兴业裕恒C,债券型
021236.OF,摩根瑞欣利率债C,债券型
021235.OF,摩根瑞欣利率债A,债券型
021422.OF,工银尊享短债D,债券型
020932.OF,南方润元纯债E,债券型
020552.OF,兴业添盈,债券型
021407.OF,东方红益丰纯债B,债券型
020666.OF,万家稳丰6个月持有C,债券型
020724.OF,建信开元金享6个月持有A,债券型
020665.OF,万家稳丰6个月持有A,债券型
020858.OF,嘉实多益C,债券型
020725.OF,建信开元金享6个月持有C,债券型
020857.OF,嘉实多益A,债券型
019701.OF,南方稳福120天持有C,债券型
019700.OF,南方稳福120天持有A,债券型
021408.OF,兴业天融C,债券型
021402.OF,银华顺璟6个月定开D,债券型
021403.OF,鹏华丰实D,债券型
020832.OF,圆信永丰瑞盈C,债券型
021193.OF,中银中高等级E,债券型
020815.OF,圆信永丰瑞盈A,债券型
021310.OF,长信稳益C,债券型
021311.OF,长信纯债壹号E,债券型
021396.OF,创金合信尊丰纯债D,债券型
021395.OF,创金合信尊丰纯债C,债券型
020329.OF,大成聚鑫A,债券型
020330.OF,大成聚鑫C,债券型
019715.OF,嘉实双季欣享6个月持有A,债券型
020055.OF,永赢悦享A,债券型
019056.OF,百嘉百川30天持有纯债A,债券型
019716.OF,嘉实双季欣享6个月持有C,债券型
020056.OF,永赢悦享C,债券型
021374.OF,创金合信恒兴中短债D,债券型
019057.OF,百嘉百川30天持有纯债C,债券型
021379.OF,创金合信恒利超短债D,债券型
021069.OF,鹏华双季乐180天持有C,债券型
021380.OF,创金合信季安盈3个月持有E,债券型
021263.OF,百嘉百臻利率债C,债券型
021262.OF,百嘉百臻利率债A,债券型
021387.OF,永赢泰利B,债券型
021239.OF,农银金泽60天持有A,债券型
021240.OF,农银金泽60天持有C,债券型
020956.OF,银华盛泓C,债券型
020952.OF,方正富邦瑞福6个月持有A,债券型
021068.OF,鹏华双季乐180天持有A,债券型
020961.OF,方正富邦瑞福6个月持有C,债券型
020955.OF,银华盛泓A,债券型
020660.OF,国泰泰合三个月定开,债券型
020806.OF,国投瑞银和嘉C,债券型
020916.OF,鹏扬稳鑫120天滚动持有C,债券型
020915.OF,鹏扬稳鑫120天滚动持有A,债券型
020917.OF,鹏扬稳鑫120天滚动持有E,债券型
020805.OF,国投瑞银和嘉A,债券型
020728.OF,兴业稳瑞90天持有C,债券型
019726.OF,鑫元鑫选安悦3个月持有C,债券型
020727.OF,兴业稳瑞90天持有A,债券型
019725.OF,鑫元鑫选安悦3个月持有A,债券型
020908.OF,中航瑞尚利率债C,债券型
021352.OF,博时富华纯债C,债券型
020907.OF,中航瑞尚利率债A,债券型
020942.OF,安信青享纯债C,债券型
020941.OF,安信青享纯债A,债券型
020577.OF,国富恒兴A,债券型
020578.OF,国富恒兴C,债券型
021322.OF,百嘉百兴C,债券型
020145.OF,西部利得沣淳三个月定开债A,债券型
021337.OF,国联恒泰纯债B,债券型
020796.OF,诺安泰鑫一年D,债券型
020146.OF,西部利得沣淳三个月定开债C,债券型
020939.OF,永赢安裕120天滚动持有A,债券型
020940.OF,永赢安裕120天滚动持有C,债券型
020719.OF,天弘工盈三个月持有C,债券型
020718.OF,天弘工盈三个月持有A,债券型
021331.OF,中金金信C,债券型
020938.OF,长江90天持有C,债券型
020937.OF,长江90天持有A,债券型
021307.OF,永赢宏泰E,债券型
020084.OF,易方达纯债D,债券型
021144.OF,易方达高等级信用债D,债券型
021120.OF,中银月月鑫30天滚动持有C,债券型
021119.OF,中银月月鑫30天滚动持有A,债券型
021290.OF,安信宝利F,债券型
019674.OF,汇丰晋信慧鑫六个月持有C,债券型
019673.OF,汇丰晋信慧鑫六个月持有A,债券型
020855.OF,泉果泰然30天持有A,债券型
020856.OF,泉果泰然30天持有C,债券型
020948.OF,大成景朔利率债A,债券型
020949.OF,大成景朔利率债C,债券型
021220.OF,工银纯债D,债券型
019837.OF,大摩恒利C,债券型
019836.OF,大摩恒利A,债券型
020819.OF,鹏扬永利90天持有C,债券型
020818.OF,鹏扬永利90天持有A,债券型
021228.OF,万家年年恒荣定开D,债券型
021226.OF,汇丰晋信平稳增利中短债D,债券型
021249.OF,国泰惠丰纯债C,债券型
021155.OF,平安惠锦纯债C,债券型
020891.OF,易方达安丰六个月持有A,债券型
020892.OF,易方达安丰六个月持有C,债券型
016538.OF,国泰聚瑞纯债C,债券型
020520.OF,富国瑞夏纯债C,债券型
020897.OF,永赢璟利A,债券型
020539.OF,银华安泰A,债券型
020898.OF,永赢璟利C,债券型
021070.OF,恒生前海恒荣纯债A,债券型
021124.OF,华安安浦E,债券型
020540.OF,银华安泰C,债券型
020519.OF,富国瑞夏纯债A,债券型
021071.OF,恒生前海恒荣纯债C,债券型
021151.OF,广发景秀纯债C,债券型
021054.OF,永赢众利C,债券型
021055.OF,永赢伟益C,债券型
020676.OF,大成元辰招利A,债券型
020677.OF,大成元辰招利C,债券型
020926.OF,长信稳兴三个月定开E,债券型
021163.OF,鑫元中短债D,债券型
021152.OF,华泰紫金季季享定开D,债券型
021139.OF,上银政策性金融债C,债券型
021165.OF,浙商惠裕纯债D,债券型
021114.OF,博时裕康纯债C,债券型
019576.OF,汇添富稳兴回报A,债券型
019577.OF,汇添富稳兴回报C,债券型
021130.OF,信澳鑫安C,债券型
018929.OF,蜂巢丰旭C,债券型
018928.OF,蜂巢丰旭A,债券型
021076.OF,诺德安鸿纯债C,债券型
020850.OF,东方享悦90天滚动持有A,债券型
019560.OF,交银稳悦回报C,债券型
020851.OF,东方享悦90天滚动持有C,债券型
019559.OF,交银稳悦回报A,债券型
021154.OF,鹏华3个月中短债E,债券型
021158.OF,华安鼎益E,债券型
020525.OF,工银稳健丰盈30天滚动持有C,债券型
014375.OF,永赢瑞弘12个月持有A,债券型
019878.OF,永赢瑞弘12个月持有C,债券型
020438.OF,光大鼎利90天滚动持有A,债券型
021126.OF,华安鼎丰E,债券型
020439.OF,光大鼎利90天滚动持有C,债券型
020524.OF,工银稳健丰盈30天滚动持有A,债券型
021096.OF,融通增益D,债券型
020259.OF,嘉实稳恒90天持有A,债券型
020551.OF,上银慧诚利60天持有C,债券型
020260.OF,嘉实稳恒90天持有C,债券型
020550.OF,上银慧诚利60天持有A,债券型
021067.OF,泰康瑞坤纯债A,债券型
019176.OF,汇添富添添乐双鑫A,债券型
019177.OF,汇添富添添乐双鑫C,债券型
021042.OF,天弘弘利C,债券型
021040.OF,华富恒欣纯债E,债券型
021043.OF,天弘弘利E,债券型
021001.OF,平安惠利纯债C,债券型
019467.OF,信澳鑫裕6个月持有C,债券型
021003.OF,平安惠利纯债E,债券型
020953.OF,中欧稳悦120天滚动持有A,债券型
020954.OF,中欧稳悦120天滚动持有C,债券型
021018.OF,交银稳鑫短债E,债券型
019466.OF,信澳鑫裕6个月持有A,债券型
020978.OF,广发汇荣三个月定开C,债券型
020214.OF,银华晶鑫C,债券型
020213.OF,银华晶鑫A,债券型
021041.OF,博时裕利纯债C,债券型
021017.OF,广发景宏C,债券型
021026.OF,德邦短债D,债券型
020823.OF,汇泉安阳纯债A,债券型
019594.OF,嘉实稳宁纯债A,债券型
020824.OF,汇泉安阳纯债C,债券型
019595.OF,嘉实稳宁纯债C,债券型
020761.OF,汇添富丰泰纯债A,债券型
020679.OF,广发集盛C,债券型
020762.OF,汇添富丰泰纯债C,债券型
021024.OF,德邦景颐D,债券型
020678.OF,广发集盛A,债券型
021025.OF,德邦景颐E,债券型
020752.OF,华夏安悦C,债券型
020751.OF,华夏安悦A,债券型
019663.OF,易方达兴利180天持有C,债券型
019662.OF,易方达兴利180天持有A,债券型
020991.OF,西部利得合赢E,债券型
020811.OF,富国盛利增强A,债券型
020998.OF,南方臻利3个月定开C,债券型
020812.OF,富国盛利增强C,债券型
021019.OF,广发汇兴3个月定开C,债券型
020965.OF,博时民泽纯债C,债券型
021012.OF,招商招享纯债D,债券型
020825.OF,景顺长城景泰丰利F,债券型
020995.OF,景顺长城景兴信用纯债F,债券型
020694.OF,光大超短债D,债券型
020716.OF,景顺长城60天持有A,债券型
020717.OF,景顺长城60天持有C,债券型
020974.OF,鑫元鸿利C,债券型
021010.OF,信澳安盛纯债C,债券型
020788.OF,国寿安保泰裕C,债券型
021009.OF,信澳瑞享利率债C,债券型
021014.OF,信澳悦享利率债C,债券型
020731.OF,国投瑞银启源利率债,债券型
020787.OF,国寿安保泰裕A,债券型
020968.OF,国投瑞银顺昌纯债C,债券型
020963.OF,中信保诚景华D,债券型
019647.OF,华安双债添利E,债券型
020706.OF,蜂巢添汇纯债E,债券型
020739.OF,鹏华稳益180天持有A,债券型
020928.OF,博时富腾纯债C,债券型
020740.OF,鹏华稳益180天持有C,债券型
020786.OF,安信长鑫增强C,债券型
020785.OF,安信长鑫增强A,债券型
020883.OF,南方月月享30天滚动持有E,债券型
020861.OF,万家悦兴3个月定开D,债券型
020959.OF,摩根纯债丰利D,债券型
020663.OF,华安季季鑫90天持有A,债券型
020664.OF,华安季季鑫90天持有C,债券型
020962.OF,中信保诚双盈D,债券型
020931.OF,富国景利纯债C,债券型
020471.OF,长城0-5年政金债A,债券型
020958.OF,平安惠涌纯债C,债券型
018826.OF,兴银创盈一年定开,债券型
020472.OF,长城0-5年政金债C,债券型
019046.OF,申万菱信安泰裕利纯债C,债券型
019045.OF,申万菱信安泰裕利纯债A,债券型
020960.OF,博时聚润纯债C,债券型
019735.OF,华富恒享纯债C,债券型
020546.OF,鹏扬季季鑫90天滚动持有C,债券型
020547.OF,鹏扬季季鑫90天滚动持有E,债券型
019734.OF,华富恒享纯债A,债券型
020545.OF,鹏扬季季鑫90天滚动持有A,债券型
020584.OF,农银金季三个月持有C,债券型
020583.OF,农银金季三个月持有A,债券型
020709.OF,同泰恒盛D,债券型
020400.OF,国泰利恒30天持有C,债券型
020889.OF,融通通灿C,债券型
020820.OF,华夏短债D,债券型
020399.OF,国泰利恒30天持有A,债券型
020921.OF,博时富乐纯债C,债券型
020446.OF,中加睿盈纯债,债券型
020797.OF,诺安稳固收益C,债券型
020930.OF,平安鼎信C,债券型
019537.OF,国新国证鑫和利率债A,债券型
020610.OF,泰康悦享90天持有C,债券型
020609.OF,泰康悦享90天持有A,债券型
018855.OF,东方锦合一年定开,债券型
020920.OF,天弘同利F,债券型
019538.OF,国新国证鑫和利率债C,债券型
020702.OF,南华瑞享纯债C,债券型
020701.OF,南华瑞享纯债A,债券型
020890.OF,银华添润D,债券型
020880.OF,天弘齐享D,债券型
020569.OF,建信宁远90天持有A,债券型
020570.OF,建信宁远90天持有C,债券型
020798.OF,万家信用恒利D,债券型
020711.OF,同泰恒兴纯债D,债券型
020710.OF,同泰恒利纯债D,债券型
020776.OF,天弘安益D,债券型
020192.OF,南方晖元6个月持有E,债券型
020742.OF,交银裕坤纯债C,债券型
018899.OF,易方达悦和稳健C,债券型
018898.OF,易方达悦和稳健A,债券型
020784.OF,国泰瑞和纯债C,债券型
020741.OF,华泰保兴安悦C,债券型
020627.OF,广发安泽短债D,债券型
020328.OF,华泰保兴尊益利率债6个月持有C,债券型
020566.OF,华夏鼎昭利率债C,债券型
020327.OF,华泰保兴尊益利率债6个月持有A,债券型
020573.OF,万家稳航90天持有C,债券型
020572.OF,万家稳航90天持有A,债券型
019217.OF,永赢腾利A,债券型
019218.OF,永赢腾利C,债券型
019283.OF,南方睿阳稳健添利6个月持有A,债券型
020447.OF,鹏华双季红180天持有A,债券型
020175.OF,国泰海通稳债增利A,债券型
020448.OF,鹏华双季红180天持有C,债券型
020655.OF,浦银安盛普安利率债,债券型
019284.OF,南方睿阳稳健添利6个月持有C,债券型
020176.OF,国泰海通稳债增利C,债券型
020565.OF,华夏鼎昭利率债A,债券型
020537.OF,建信开元瑞享3个月持有C,债券型
020536.OF,建信开元瑞享3个月持有A,债券型
020538.OF,宝盈盈润纯债E,债券型
020432.OF,上银聚泽益,债券型
020738.OF,安信宝利C,债券型
020681.OF,博时华盈纯债C,债券型
019944.OF,兴业恒益6个月持有C,债券型
019943.OF,兴业恒益6个月持有A,债券型
018765.OF,汇添富稳丰回报A,债券型
018768.OF,汇添富稳乐回报C,债券型
018840.OF,汇添富稳元回报A,债券型
018767.OF,汇添富稳乐回报A,债券型
020284.OF,东方红汇享A,债券型
020285.OF,东方红汇享C,债券型
018841.OF,汇添富稳元回报C,债券型
018766.OF,汇添富稳丰回报C,债券型
020046.OF,广发添盈180天持有A,债券型
019963.OF,国联安月享30天持有纯债C,债券型
018645.OF,金鹰悦享C,债券型
020337.OF,富达90天持有A,债券型
018644.OF,金鹰悦享A,债券型
019962.OF,国联安月享30天持有纯债A,债券型
020388.OF,兴业稳福120天持有C,债券型
020047.OF,广发添盈180天持有C,债券型
020387.OF,兴业稳福120天持有A,债券型
020338.OF,富达90天持有C,债券型
020652.OF,富国安慧D,债券型
020680.OF,博时富鸿金融债3个月定开C,债券型
020579.OF,西部利得聚利6个月定开E,债券型
020636.OF,鹏华丰恒C,债券型
020307.OF,国投瑞银和景180天持有A,债券型
020626.OF,鹏华丰庆C,债券型
020308.OF,国投瑞银和景180天持有C,债券型
020656.OF,景顺长城中短债F,债券型
020642.OF,鹏扬丰利一年持有D,债券型
020625.OF,蜂巢丰吉纯债E,债券型
020641.OF,博时安怡6个月C,债券型
020149.OF,易方达安泽180天持有A,债券型
018676.OF,渤海汇金汇享益利率债A,债券型
018677.OF,渤海汇金汇享益利率债C,债券型
020150.OF,易方达安泽180天持有C,债券型
020528.OF,国寿安保利率债三个月定开,债券型
019488.OF,广发添盈C,债券型
019487.OF,广发添盈A,债券型
018892.OF,招商安康A,债券型
020325.OF,南方佳元6个月持有E,债券型
019558.OF,天弘悦利C,债券型
018893.OF,招商安康C,债券型
019557.OF,天弘悦利A,债券型
020580.OF,广发景和中短债D,债券型
020604.OF,银华添益D,债券型
020532.OF,湘财鑫睿A,债券型
020533.OF,湘财鑫睿C,债券型
019922.OF,华泰柏瑞锦悦,债券型
020615.OF,东方红益鑫纯债E,债券型
020262.OF,平安鑫惠90天持有A,债券型
020219.OF,万家锦利C,债券型
020574.OF,大成景旭纯债D,债券型
020218.OF,万家锦利A,债券型
020590.OF,融通通宸C,债券型
020508.OF,嘉实债券C,债券型
020263.OF,平安鑫惠90天持有C,债券型
020597.OF,信澳汇享三个月定开E,债券型
020595.OF,浙商中短债D,债券型
020596.OF,太平恒泰三个月定开C,债券型
020557.OF,浙商汇金中高等级三个月D,债券型
020392.OF,安信90天滚动持有C,债券型
020391.OF,安信90天滚动持有A,债券型
020571.OF,融通中国概念C,债券型
020589.OF,景顺长城睿丰短债F,债券型
020543.OF,南方稳瑞90天持有E,债券型
020526.OF,长江安盈中短债六个月定开C,债券型
020345.OF,大成惠裕C,债券型
020527.OF,大成惠嘉一年C,债券型
020343.OF,国联季季红定期开放E,债券型
020490.OF,工银中高等级信用债D,债券型
020502.OF,华泰柏瑞增利C,债券型
020415.OF,弘毅远方中短债E,债券型
020489.OF,富国泽利纯债C,债券型
020463.OF,广发景源纯债D,债券型
020209.OF,明亚稳利3个月持有A,债券型
020381.OF,人保民享利率债A,债券型
020040.OF,易方达安嘉30天持有A,债券型
020382.OF,人保民享利率债C,债券型
020210.OF,明亚稳利3个月持有C,债券型
020041.OF,易方达安嘉30天持有C,债券型
020367.OF,嘉实方舟6个月滚动持有E,债券型
020376.OF,广发景丰纯债C,债券型
019381.OF,景顺长城景盛双益C,债券型
007157.OF,京管泰富京诚12个月定开,债券型
020454.OF,博时裕昂纯债C,债券型
019948.OF,信澳稳鑫C,债券型
019947.OF,信澳稳鑫A,债券型
020402.OF,富国安和120天滚动持有C,债券型
020223.OF,创金合信利元纯债C,债券型
019380.OF,景顺长城景盛双益A,债券型
020401.OF,富国安和120天滚动持有A,债券型
020222.OF,创金合信利元纯债A,债券型
020043.OF,施罗德恒享C,债券型
020042.OF,施罗德恒享A,债券型
020377.OF,广发景丰纯债D,债券型
020181.OF,长城智盈添益A,债券型
020182.OF,长城智盈添益C,债券型
020203.OF,贝莱德安睿30天持有C,债券型
020318.OF,鹏华丰宁C,债券型
020204.OF,路博迈中国精选利率债A,债券型
020455.OF,大成安汇金融D,债券型
020202.OF,贝莱德安睿30天持有A,债券型
020450.OF,博时裕腾C,债券型
020344.OF,交银裕盈纯债D,债券型
020368.OF,鹏华0-5年利率债C,债券型
020413.OF,中信保诚稳泰D,债券型
019668.OF,中航瑞安利率债三个月定开A,债券型
020414.OF,中信保诚优质纯债I,债券型
020390.OF,中欧短债E,债券型
020144.OF,银华致淳,债券型
019669.OF,中航瑞安利率债三个月定开C,债券型
020297.OF,民生加银瑞怡3个月定开,债券型
020378.OF,大成景优D,债券型
020349.OF,富国安恒60天持有E,债券型
020363.OF,交银丰晟收益D,债券型
020060.OF,鹏扬淳旭A,债券型
020374.OF,天弘弘择短债D,债券型
020061.OF,鹏扬淳旭C,债券型
020369.OF,大成景泰D,债券型
018925.OF,南方金添利三年定开C,债券型
018924.OF,南方金添利三年定开A,债券型
020317.OF,鹏华丰达C,债券型
019399.OF,国投瑞银恒睿添利C,债券型
019398.OF,国投瑞银恒睿添利A,债券型
020319.OF,鹏扬淳合D,债券型
019940.OF,长信120天滚动持有C,债券型
019263.OF,中信保诚嘉盛三个月定开C,债券型
020238.OF,博时锦源利率债A,债券型
020200.OF,广发理财年年红C,债券型
019489.OF,景顺长城景泰通利纯债A,债券型
019939.OF,长信120天滚动持有A,债券型
019980.OF,博时中高等级信用债C,债券型
019979.OF,博时中高等级信用债A,债券型
020239.OF,博时锦源利率债C,债券型
020283.OF,大成惠福纯债C,债券型
019262.OF,中信保诚嘉盛三个月定开A,债券型
019490.OF,景顺长城景泰通利纯债C,债券型
020133.OF,东方红60天持有纯债A,债券型
019806.OF,华安月月鑫30天持有A,债券型
019807.OF,华安月月鑫30天持有C,债券型
020134.OF,东方红60天持有纯债C,债券型
018532.OF,鹏华丰景,债券型
020322.OF,平安惠智C,债券型
020280.OF,中加丰泽C,债券型
020246.OF,民生加银家盈半年C,债券型
020189.OF,建信添福悠享稳健养老目标一年持有Y,债券型
020281.OF,南方宣利定期开放E,债券型
020300.OF,南方乐元中短期利率债E,债券型
019419.OF,国泰海通善怡稳健六个月持有A,债券型
019420.OF,国泰海通善怡稳健六个月持有C,债券型
019755.OF,东方红季鑫90天持有纯债A,债券型
019756.OF,东方红季鑫90天持有纯债C,债券型
019931.OF,泰康悦享30天持有A,债券型
019502.OF,信澳悦享利率债A,债券型
019047.OF,嘉实致裕纯债,债券型
019932.OF,泰康悦享30天持有C,债券型
019264.OF,易方达安瑞短债D,债券型
020245.OF,大成惠祥纯债C,债券型
020244.OF,大摩优质信价纯债E,债券型
020261.OF,兴业裕华C,债券型
020069.OF,恒生前海恒源臻利A,债券型
019581.OF,浦银安盛悦享30天持有A,债券型
019582.OF,浦银安盛悦享30天持有C,债券型
020070.OF,恒生前海恒源臻利C,债券型
020077.OF,建信稳定鑫利D,债券型
019048.OF,嘉实汇享30天持有纯债A,债券型
019645.OF,汇添富稳鑫90天持有A,债券型
019646.OF,汇添富稳鑫90天持有C,债券型
019049.OF,嘉实汇享30天持有纯债C,债券型
020257.OF,嘉合磐稳纯债D,债券型
019400.OF,国泰海通安睿纯债A,债券型
020216.OF,博时富泽金融债C,债券型
018761.OF,鑫元乐享90天持有A,债券型
018247.OF,长盛盛华一年定开,债券型
018762.OF,鑫元乐享90天持有C,债券型
018604.OF,民生加银添润A,债券型
018617.OF,民生加银添润C,债券型
020136.OF,华富吉禄90天滚动持有C,债券型
020135.OF,华富吉禄90天滚动持有A,债券型
020205.OF,创金合信恒兴中短债E,债券型
020174.OF,大成惠明C,债券型
018758.OF,山证资管汇利一年定开债A,债券型
018759.OF,山证资管汇利一年定开债C,债券型
019813.OF,国联安恒通3个月纯债定开,债券型
020082.OF,易方达信用债D,债券型
018842.OF,长江安悦利率债A,债券型
018843.OF,长江安悦利率债C,债券型
020083.OF,易方达投资级信用债D,债券型
019307.OF,大成惠利纯债C,债券型
019584.OF,富国稳健添辰C,债券型
020079.OF,金信民富C,债券型
019424.OF,财通资管双鑫一年持有A,债券型
020078.OF,金信民富A,债券型
019083.OF,万家稳安60天持有A,债券型
019583.OF,富国稳健添辰A,债券型
019908.OF,国寿安保泰悦3个月滚动持有A,债券型
019425.OF,财通资管双鑫一年持有C,债券型
019286.OF,平安惠旭纯债C,债券型
019285.OF,平安惠旭纯债A,债券型
019541.OF,东方红90天持有纯债A,债券型
019542.OF,东方红90天持有纯债C,债券型
019084.OF,万家稳安60天持有C,债券型
019909.OF,国寿安保泰悦3个月滚动持有C,债券型
020173.OF,汇安中短债D,债券型
020119.OF,博时富顺纯债C,债券型
018509.OF,国泰海通君享利30天滚动持有A,债券型
018510.OF,国泰海通君享利30天滚动持有C,债券型
018867.OF,东方红3个月纯债定开,债券型
020127.OF,国联恒裕纯债E,债券型
019586.OF,博远增裕利率债C,债券型
019585.OF,博远增裕利率债A,债券型
020112.OF,鹏华丰恒D,债券型
019885.OF,南方恩元A,债券型
020122.OF,圆信永丰兴利E,债券型
018170.OF,嘉实双季瑞享6个月持有A,债券型
019724.OF,鑫元稳丰利率债,债券型
020080.OF,华富恒稳纯债D,债券型
018171.OF,嘉实双季瑞享6个月持有C,债券型
020051.OF,英大安华纯债C,债券型
020050.OF,英大安华纯债A,债券型
019407.OF,富达裕达纯债C,债券型
020123.OF,鑫元臻利D,债券型
019406.OF,富达裕达纯债A,债券型
018740.OF,国投瑞银恒源30天持有C,债券型
018739.OF,国投瑞银恒源30天持有A,债券型
018885.OF,建信开元惠享6个月持有C,债券型
018884.OF,建信开元惠享6个月持有A,债券型
019654.OF,天弘招享三个月定开,债券型
019810.OF,华泰柏瑞鸿瑞60天持有C,债券型
019809.OF,华泰柏瑞鸿瑞60天持有A,债券型
019649.OF,汇添富稳航30天持有B,债券型
020092.OF,天弘安恒60天滚动持有A,债券型
020089.OF,广发纯债E,债券型
019946.OF,国投瑞银顺轩30天持有C,债券型
019945.OF,国投瑞银顺轩30天持有A,债券型
019178.OF,富国瑞丰纯债A,债券型
019685.OF,华商鸿裕利率债,债券型
018736.OF,景顺长城景颐裕利A,债券型
019179.OF,富国瑞丰纯债C,债券型
018737.OF,景顺长城景颐裕利C,债券型
020068.OF,富国安福30天滚动持有E,债券型
020066.OF,富国安泰90天短债E,债券型
018763.OF,汇添富稳荣回报A,债券型
019397.OF,博时双月乐60天持有C,债券型
018764.OF,汇添富稳荣回报C,债券型
019396.OF,博时双月乐60天持有A,债券型
019517.OF,财通资管鸿兴60天持有C,债券型
019516.OF,财通资管鸿兴60天持有A,债券型
018691.OF,兴全恒盛90天持有A,债券型
018692.OF,兴全恒盛90天持有C,债券型
018050.OF,长江乐睿纯债一年定开A,债券型
018051.OF,长江乐睿纯债一年定开C,债券型
020024.OF,博时信用债纯债B,债券型
018179.OF,华夏鼎庆一年定开,债券型
019968.OF,博时裕景纯债C,债券型
019762.OF,泰信添益90天持有A,债券型
019682.OF,尚正正享C,债券型
019977.OF,博时富信纯债C,债券型
019681.OF,尚正正享A,债券型
019763.OF,泰信添益90天持有C,债券型
019492.OF,大成景熙利率债C,债券型
019491.OF,大成景熙利率债A,债券型
018056.OF,鹏扬淳泰一年定开,债券型
019996.OF,中银安享B,债券型
018977.OF,中信建投惠享A,债券型
018978.OF,中信建投惠享C,债券型
019038.OF,海富通添利收益一年持有A,债券型
018272.OF,嘉实稳健兴享6个月持有A,债券型
018273.OF,嘉实稳健兴享6个月持有C,债券型
019039.OF,海富通添利收益一年持有C,债券型
019042.OF,浦银安盛稳健富利180天持有C,债券型
019464.OF,银华月月享30天持有A,债券型
019041.OF,浦银安盛稳健富利180天持有A,债券型
019465.OF,银华月月享30天持有C,债券型
019899.OF,长盛盛康纯债E,债券型
019648.OF,中海中短债C,债券型
019954.OF,富国安慧E,债券型
019418.OF,中欧磐固C,债券型
019372.OF,大成元丰多利A,债券型
018683.OF,鑫元浩鑫增强C,债券型
019417.OF,中欧磐固A,债券型
019373.OF,大成元丰多利C,债券型
018682.OF,鑫元浩鑫增强A,债券型
019884.OF,信澳安益纯债C,债券型
019883.OF,信澳安益纯债E,债券型
019580.OF,易方达安汇120天持有C,债券型
019579.OF,易方达安汇120天持有A,债券型
019803.OF,博远增睿纯债C,债券型
019901.OF,华宝政策性金融债C,债券型
019905.OF,信澳优享E,债券型
019872.OF,长城短债D,债券型
019873.OF,长城短债E,债券型
019882.OF,招商招祥纯债E,债券型
018535.OF,银河景泰纯债C,债券型
018534.OF,银河景泰纯债A,债券型
019906.OF,信澳优享F,债券型
019881.OF,中信保诚稳达E,债券型
019840.OF,华泰柏瑞稳健收益D,债券型
019893.OF,中银美元债人民币C,债券型
019812.OF,国联盈泽中短债E,债券型
019772.OF,浙商汇金短债C,债券型
018637.OF,农银金恒,债券型
019563.OF,华润元大泓远利率债A,债券型
018880.OF,中欧稳丰90天持有A,债券型
019063.OF,兴全恒荣A,债券型
019460.OF,摩根瑞锦纯债A,债券型
018881.OF,中欧稳丰90天持有C,债券型
018805.OF,广发添福90天持有C,债券型
018804.OF,广发添福90天持有A,债券型
019064.OF,兴全恒荣C,债券型
019461.OF,摩根瑞锦纯债C,债券型
019568.OF,明亚久安90天持有A,债券型
018772.OF,南方惠享稳健添利A,债券型
019569.OF,明亚久安90天持有C,债券型
018773.OF,南方惠享稳健添利C,债券型
019564.OF,华润元大泓远利率债C,债券型
019826.OF,浙商汇金聚利一年D,债券型
019802.OF,富国短债D,债券型
018491.OF,格林聚合增强A,债券型
018492.OF,格林聚合增强C,债券型
009739.OF,嘉合磐泰短债E,债券型
019804.OF,嘉合磐泰短债D,债券型
019044.OF,华夏鼎创C,债券型
019043.OF,华夏鼎创A,债券型
019684.OF,万家添利A,债券型
018814.OF,中金金安,债券型
019709.OF,富国亚洲收益人民币C,债券型
019770.OF,中欧瑾泰E,债券型
019742.OF,华宝宝丰高等级D,债券型
014897.OF,浙商兴盈6个月定开C,债券型
014896.OF,浙商兴盈6个月定开A,债券型
019626.OF,博时裕景纯债A,债券型
019161.OF,博时悦楚纯债C,债券型
019518.OF,富国全球债券人民币C,债券型
018989.OF,博时双季益六个月持有C,债券型
018988.OF,博时双季益六个月持有A,债券型
019653.OF,银华信用四季红D,债券型
019439.OF,银华顺璟6个月定开C,债券型
019513.OF,中欧汇利E,债券型
019644.OF,华安众享180天持有E,债券型
017831.OF,国联泓安3个月定开C,债券型
017830.OF,国联泓安3个月定开A,债券型
019543.OF,浦银安盛普恒利率债,债券型
018400.OF,博时臻选楚汇三个月持有C,债券型
018399.OF,博时臻选楚汇三个月持有A,债券型
019027.OF,广发添福30天持有A,债券型
018717.OF,工银瑞宁3个月定开C,债券型
019623.OF,博时裕弘纯债C,债券型
019520.OF,路博迈中国绿色债券,债券型
018716.OF,工银瑞宁3个月定开A,债券型
019317.OF,银华纯债信用主题D,债券型
019028.OF,广发添福30天持有C,债券型
019630.OF,银华美元债精选D,债券型
018641.OF,华安沣润C,债券型
018643.OF,金鹰添福纯债C,债券型
018642.OF,金鹰添福纯债A,债券型
019606.OF,易方达富惠D,债券型
018640.OF,华安沣润A,债券型
019591.OF,平安0-3年期政策性金融债D,债券型
019128.OF,国联恒惠纯债E,债券型
018527.OF,银河星汇30天持有A,债券型
018528.OF,银河星汇30天持有C,债券型
019638.OF,金鹰添瑞中短债D,债券型
018601.OF,长城集利A,债券型
018602.OF,长城集利C,债券型
019515.OF,广发民玉纯债C,债券型
018959.OF,中银鑫呈一年定开,债券型
018426.OF,国泰海通安裕纯债一年定开,债券型
018594.OF,格林泓盈利率债,债券型
019480.OF,博时亚洲票息人民币C,债券型
019481.OF,博时亚洲票息美元现汇C,债券型
018756.OF,睿远稳益增强30天持有A,债券型
019534.OF,富国安利90天滚动持有E,债券型
019533.OF,鑫元泽利C,债券型
019540.OF,富国可转债E,债券型
018757.OF,睿远稳益增强30天持有C,债券型
018839.OF,广发添财30天持有C,债券型
018838.OF,广发添财30天持有A,债券型
018366.OF,国泰海通君添利中短债D,债券型
019539.OF,鹏华丰玉C,债券型
019302.OF,鹏华产业债C,债券型
013482.OF,平安合轩1年定开,债券型
019500.OF,招商安瑞进取C,债券型
014184.OF,诺德安承利率债,债券型
018769.OF,汇添富90天短债D,债券型
018697.OF,尚正臻元,债券型
018794.OF,汇添富稳益60天持有A,债券型
018795.OF,汇添富稳益60天持有C,债券型
018748.OF,富国安恒60天持有A,债券型
019486.OF,金元顺安沣泉C,债券型
018749.OF,富国安恒60天持有C,债券型
019479.OF,华安添鑫中短债E,债券型
019526.OF,中邮纯债丰利E,债券型
018060.OF,兴合锦安利率债C,债券型
019482.OF,泰康信用精选D,债券型
019483.OF,泰康信用精选E,债券型
018059.OF,兴合锦安利率债A,债券型
018878.OF,富安达富禧纯债30天持有A,债券型
018479.OF,东方红6个月持有A,债券型
018679.OF,招商安和A,债券型
018480.OF,东方红6个月持有C,债券型
018680.OF,招商安和C,债券型
018150.OF,国投瑞银恒安30天持有C,债券型
019191.OF,富国纯债E,债券型
018149.OF,国投瑞银恒安30天持有A,债券型
018879.OF,富安达富禧纯债30天持有C,债券型
019477.OF,鹏扬淳盈6个月D,债券型
019282.OF,华宝宝润纯债C,债券型
019445.OF,华富恒盛纯债E,债券型
019463.OF,招商鑫悦中短债D,债券型
019474.OF,中欧聚瑞D,债券型
019451.OF,中欧兴悦C,债券型
019060.OF,博时富源纯债C,债券型
018829.OF,兴业嘉远,债券型
019180.OF,光大动态优选C,稳定增值型
019022.OF,合煦智远诚正30天持有C,债券型
018847.OF,华泰保兴尊睿6个月持有C,债券型
019123.OF,中欧诚悦A,债券型
019021.OF,合煦智远诚正30天持有A,债券型
018846.OF,华泰保兴尊睿6个月持有A,债券型
019369.OF,银华安丰中短期政金债D,债券型
019344.OF,广发聚源B,债券型
019446.OF,汇添富短债D,债券型
019109.OF,泰康丰盈C,债券型
019221.OF,工银瑞享D,债券型
019364.OF,银华华茂D,债券型
018427.OF,信澳瑞享利率债A,债券型
019391.OF,招商双债增强I,债券型
018568.OF,长信稳固60天滚动持有A,债券型
019383.OF,银华信用季季红D,债券型
018569.OF,长信稳固60天滚动持有C,债券型
019304.OF,德邦短债E,债券型
019067.OF,博时安盈E,债券型
019382.OF,南方景元中高等级信用债C,债券型
018830.OF,汇添富稳健回报A,债券型
018831.OF,汇添富稳健回报C,债券型
018576.OF,鑫元慧享纯债3个月定开C,债券型
018575.OF,鑫元慧享纯债3个月定开A,债券型
018538.OF,中银鑫盛一年持有C,债券型
018537.OF,中银鑫盛一年持有A,债券型
018423.OF,汇添富稳裕30天滚动持有C,债券型
019289.OF,交银裕如纯债E,债券型
018422.OF,汇添富稳裕30天滚动持有A,债券型
018771.OF,汇添富稳合4个月持有D,债券型
018596.OF,华商利欣回报C,债券型
019287.OF,鹏华丰诚D,债券型
018595.OF,华商利欣回报A,债券型
018623.OF,海富通盈丰一年定开,债券型
018136.OF,惠升和风纯债E,债券型
019267.OF,富国新天锋C,债券型
019268.OF,交银安心收益E,债券型
019100.OF,东方红稳添利B,债券型
019149.OF,富国产业债D,债券型
019214.OF,华宝宝盛纯债C,债券型
018084.OF,鹏华信用债6个月持有C,债券型
018518.OF,大成景信A,债券型
019094.OF,金鹰中小盘精选C,稳定型
018083.OF,鹏华信用债6个月持有A,债券型
019204.OF,鹏华丰康C,债券型
018519.OF,大成景信C,债券型
019095.OF,东方双债添利D,债券型
019097.OF,东方臻裕E,债券型
019104.OF,博时安悦短债E,债券型
018593.OF,中欧汇利C,债券型
018571.OF,华宝安元C,债券型
018193.OF,建信鑫弘180天持有C,债券型
018570.OF,华宝安元A,债券型
018260.OF,国联融誉双华6个月持有A,债券型
018261.OF,国联融誉双华6个月持有C,债券型
018192.OF,建信鑫弘180天持有A,债券型
018592.OF,中欧汇利A,债券型
018665.OF,南方宁元A,债券型
017581.OF,中航瑞融ESG一年定开债A,债券型
019122.OF,安信中短利率债D,债券型
017582.OF,中航瑞融ESG一年定开债C,债券型
018941.OF,长城裕利纯债A,债券型
019074.OF,泰康长江经济带D,债券型
018942.OF,长城裕利纯债C,债券型
017694.OF,国联安恒瑞3个月定开纯债,债券型
018981.OF,湘财鑫利纯债A,债券型
018982.OF,湘财鑫利纯债C,债券型
019112.OF,恒越短债D,债券型
018922.OF,民生加银恒源,债券型
018785.OF,信澳鑫瑞6个月持有C,债券型
002504.OF,鹏华永达中短债6个月定开A,债券型
002505.OF,鹏华永达中短债6个月定开C,债券型
018784.OF,信澳鑫瑞6个月持有A,债券型
019069.OF,永赢开泰中高等级中短债D,债券型
019070.OF,永赢开泰中高等级中短债E,债券型
019068.OF,永赢华嘉信用债E,债券型
018719.OF,中银证券安澈C,债券型
018255.OF,国泰鑫鸿一年定开,债券型
018718.OF,中银证券安澈A,债券型
018859.OF,惠升和安纯债C,债券型
018858.OF,惠升和安纯债A,债券型
018444.OF,东财瑞利A,债券型
018445.OF,东财瑞利C,债券型
018414.OF,南方稳瑞90天持有A,债券型
018415.OF,南方稳瑞90天持有C,债券型
018970.OF,光大恒利纯债D,债券型
018428.OF,摩根双季鑫6个月持有A,债券型
018429.OF,摩根双季鑫6个月持有C,债券型
017284.OF,中航瑞苏纯债A,债券型
017285.OF,中航瑞苏纯债C,债券型
018992.OF,兴银长盈三个月定开C,债券型
017753.OF,长城锦利三个月定开A,债券型
017754.OF,长城锦利三个月定开C,债券型
018954.OF,富国收益增强E,债券型
018965.OF,富国稳健增强E,债券型
018958.OF,富国双债增强E,债券型
018952.OF,安信宝利E,债券型
018997.OF,中银弘享B,债券型
018747.OF,永赢匠心增利C,债券型
018746.OF,永赢匠心增利A,债券型
018962.OF,永赢昭利D,债券型
018961.OF,永赢瑞益B,债券型
018960.OF,永赢易弘C,债券型
018609.OF,华泰柏瑞锦合,债券型
018964.OF,国联恒鑫纯债E,债券型
018451.OF,富安达富祥利率债C,债券型
018047.OF,申万菱信安泰景利纯债A,债券型
018450.OF,富安达富祥利率债A,债券型
018950.OF,汇添富稳利60天滚动持有B,债券型
017476.OF,广发集轩C,债券型
017475.OF,广发集轩A,债券型
018478.OF,富国安瑞30天持有C,债券型
018477.OF,富国安瑞30天持有A,债券型
018563.OF,嘉实同舟C,债券型
018562.OF,嘉实同舟A,债券型
018416.OF,东吴添瑞三个月定开A,债券型
018417.OF,东吴添瑞三个月定开C,债券型
017514.OF,博时富盈一年定开,债券型
018745.OF,长信90天滚动持有C,债券型
018744.OF,长信90天滚动持有A,债券型
018844.OF,创金合信利辉利率债A,债券型
018845.OF,创金合信利辉利率债C,债券型
012231.OF,华安沣信A,债券型
018798.OF,易方达安裕60天持有A,债券型
018799.OF,易方达安裕60天持有C,债券型
012232.OF,华安沣信C,债券型
018632.OF,银华顺和,债券型
017120.OF,华安添勤,债券型
017503.OF,达诚致益A,债券型
017504.OF,达诚致益C,债券型
012632.OF,天治鑫祥利率债A,债券型
012633.OF,天治鑫祥利率债C,债券型
016960.OF,财通资管睿安C,债券型
016959.OF,财通资管睿安A,债券型
018849.OF,鑫元恒鑫收益增强E,债券型
017047.OF,华泰柏瑞益享,债券型
018598.OF,兴全招益C,债券型
018597.OF,兴全招益A,债券型
018741.OF,万家集利A,债券型
017706.OF,建信添福悠享稳健养老目标一年持有A,债券型
018668.OF,中信建投景润3个月定开D,债券型
018606.OF,融通通祺C,债券型
018616.OF,光大睿阳纯债C,债券型
018742.OF,万家集利C,债券型
017903.OF,汇添富双颐C,债券型
018615.OF,光大睿阳纯债A,债券型
017681.OF,建信睿安一年定开,债券型
018584.OF,浦银安盛普兴3个月定开,债券型
017902.OF,汇添富双颐A,债券型
018624.OF,国泰海通君增利60天滚动持有A,债券型
017208.OF,平安惠禧纯债C,债券型
017207.OF,平安惠禧纯债A,债券型
018625.OF,国泰海通君增利60天滚动持有C,债券型
016923.OF,金鹰添兴一年定开,债券型
016940.OF,国联安鸿利短债A,债券型
016941.OF,国联安鸿利短债C,债券型
018684.OF,汇泉安盈回报E,债券型
018516.OF,恒越安裕纯债,债券型
018471.OF,南方津享稳健添利A,债券型
018487.OF,汇添富鑫荣纯债A,债券型
018472.OF,南方津享稳健添利C,债券型
018488.OF,汇添富鑫荣纯债C,债券型
018587.OF,汇添富双享增利C,债券型
018110.OF,百嘉百悦一年定开纯债,债券型
018670.OF,兴华安惠纯债C,债券型
018669.OF,兴华安惠纯债A,债券型
018015.OF,工银瑞宏6个月定开A,债券型
018420.OF,汇添富稳航30天持有A,债券型
018016.OF,工银瑞宏6个月定开C,债券型
018421.OF,汇添富稳航30天持有C,债券型
018586.OF,汇添富双享增利A,债券型
018277.OF,博时稳健增利A,债券型
018278.OF,博时稳健增利C,债券型
018531.OF,中欧稳鑫180天持有C,债券型
018530.OF,中欧稳鑫180天持有A,债券型
018256.OF,国寿安保安泰三个月定开,债券型
017841.OF,方正富邦稳惠3个月定开,债券型
016951.OF,鹏华丰顺A,债券型
017928.OF,南华瑞富一年定开,债券型
018701.OF,中银惠利纯债B,债券型
017705.OF,易方达裕浙3个月定开,债券型
018559.OF,广发景佳纯债,债券型
018508.OF,创金合信益久9个月持有E,债券型
018506.OF,创金合信益久9个月持有A,债券型
018507.OF,创金合信益久9个月持有C,债券型
018206.OF,永赢浩益一年定开,债券型
018666.OF,鹏扬利沣短债D,债券型
018180.OF,东方红30天滚动持有纯债A,债券型
018181.OF,东方红30天滚动持有纯债C,债券型
017450.OF,嘉合磐辉纯债C,债券型
017449.OF,嘉合磐辉纯债A,债券型
018566.OF,恒生前海恒源泓利A,债券型
018567.OF,恒生前海恒源泓利C,债券型
006033.OF,创金合信汇泽纯债三个月C,债券型
018407.OF,博时富耀纯债一年定开,债券型
018497.OF,恒生前海恒润纯债C,债券型
018496.OF,恒生前海恒润纯债A,债券型
018100.OF,太平恒泰三个月定开A,债券型
018639.OF,中加民丰纯债C,债券型
018622.OF,创金合信尊享C,债券型
017500.OF,兴业嘉辰一年定开,债券型
017121.OF,南方贤元一年持有A,债券型
018393.OF,富国稳健添利A,债券型
017122.OF,南方贤元一年持有C,债券型
018394.OF,富国稳健添利C,债券型
018403.OF,富国稳健添利E,债券型
018581.OF,中银纯债D,债券型
017665.OF,兴银稳建90天持有中短债A,债券型
017666.OF,兴银稳建90天持有中短债C,债券型
017053.OF,南方ESG纯债A,债券型
017711.OF,富国增利C,债券型
017710.OF,富国增利A,债券型
018459.OF,华润元大润享三个月定开C,债券型
018458.OF,华润元大润享三个月定开A,债券型
017545.OF,弘毅远方中短债A,债券型
017546.OF,弘毅远方中短债C,债券型
016734.OF,安信永泽一年定开,债券型
018109.OF,国新国证鑫泰三个月定开,债券型
017990.OF,易方达安益90天持有C,债券型
017989.OF,易方达安益90天持有A,债券型
009425.OF,金信民安两年定开债,债券型
016749.OF,申万菱信稳鑫60天持有中短债C,债券型
016748.OF,申万菱信稳鑫60天持有中短债A,债券型
016750.OF,申万菱信安泰永利利率债一年定开,债券型
018262.OF,天弘臻享一年定开,债券型
016595.OF,方正富邦稳禧一年定开,债券型
018481.OF,中金恒新90天持有,债券型
018323.OF,人保民富C,债券型
018322.OF,人保民富A,债券型
015166.OF,华泰保兴长三角金融债一年定开,债券型
018500.OF,兴银收益增强C,债券型
018296.OF,金元顺安丰祥C,债券型
018215.OF,景顺长城景颐辰利C,债券型
018214.OF,景顺长城景颐辰利A,债券型
017499.OF,淳厚添益增强C,债券型
017498.OF,淳厚添益增强A,债券型
016611.OF,富国稳健添盈C,债券型
017214.OF,兴华安聚纯债A,债券型
017215.OF,兴华安聚纯债C,债券型
016610.OF,富国稳健添盈A,债券型
017805.OF,惠升和润39个月封闭,债券型
017138.OF,长盛盛逸9个月持有C,债券型
017137.OF,长盛盛逸9个月持有A,债券型
008440.OF,融通通华五年定开C,债券型
018196.OF,兴全恒远A,债券型
008439.OF,融通通华五年定开A,债券型
018197.OF,兴全恒远C,债券型
018086.OF,汇添富稳合4个月持有C,债券型
018085.OF,汇添富稳合4个月持有A,债券型
018317.OF,招商添泰1年定开债,债券型
018011.OF,交银稳安90天持有A,债券型
018012.OF,交银稳安90天持有C,债券型
017052.OF,蜂巢丰启一年定开,债券型
017007.OF,永赢月月享30天持有短债C,债券型
018254.OF,平安利率债C,债券型
018253.OF,平安利率债A,债券型
016443.OF,中信建投景益C,债券型
017622.OF,同泰恒盛A,债券型
016442.OF,中信建投景益A,债券型
017006.OF,永赢月月享30天持有短债A,债券型
017623.OF,同泰恒盛C,债券型
017529.OF,财通安益中短债A,债券型
017530.OF,财通安益中短债C,债券型
017531.OF,财通安益中短债E,债券型
017700.OF,广发景泰C,债券型
017699.OF,广发景泰A,债券型
018080.OF,鹏华稳健添利A,债券型
018081.OF,鹏华稳健添利C,债券型
017046.OF,达诚腾益C,债券型
016433.OF,财通资管睿兴C,债券型
017045.OF,达诚腾益A,债券型
016432.OF,财通资管睿兴A,债券型
018252.OF,上银聚合益一年定开,债券型
017817.OF,鹏扬裕利三年封闭,债券型
016619.OF,国融添益增强C,债券型
016618.OF,国融添益增强A,债券型
018275.OF,蜂巢丰嘉A,债券型
018276.OF,蜂巢丰嘉C,债券型
017708.OF,长盛盛启A,债券型
018223.OF,华安添荣C,债券型
016353.OF,兴银合泰A,债券型
017134.OF,博道和祥多元稳健A,债券型
017709.OF,长盛盛启C,债券型
016354.OF,兴银合泰C,债券型
017135.OF,博道和祥多元稳健C,债券型
016321.OF,红塔红土瑞恒纯债C,债券型
016320.OF,红塔红土瑞恒纯债A,债券型
018271.OF,工银恒享纯债C,债券型
018187.OF,富国裕利E,债券型
016792.OF,浙商汇金聚兴一年定开,债券型
016640.OF,南方达元C,债券型
018169.OF,嘉实致诚纯债,债券型
017782.OF,博时恒享A,债券型
017783.OF,博时恒享C,债券型
016639.OF,南方达元A,债券型
018239.OF,中银嘉享3个月定开D,债券型
017690.OF,银华顺璟6个月定开A,债券型
017695.OF,招商添轩1年定开,债券型
018186.OF,东方红益丰纯债C,债券型
018166.OF,东方红稳添利E,债券型
017976.OF,路博迈护航一年持有C,债券型
017975.OF,路博迈护航一年持有A,债券型
017810.OF,湘财鑫享C,债券型
017809.OF,湘财鑫享A,债券型
017682.OF,东海鑫乐一年定开,债券型
016148.OF,融通通灿A,债券型
016184.OF,长城鼎利一年定开,债券型
016770.OF,华安盈安稳健优选3个月持有A,债券型
016208.OF,华泰柏瑞锦汇,债券型
018087.OF,鹏华双债增利C,债券型
016771.OF,华安盈安稳健优选3个月持有C,债券型
017596.OF,中银证券汇裕一年定开,债券型
016116.OF,国联安恒盛3个月定开纯债,债券型
018042.OF,海富通稳固收益A,债券型
018093.OF,国投瑞银顺意一年定开,债券型
018091.OF,博时利发纯债C,债券型
018098.OF,博时富发纯债C,债券型
016111.OF,鹏华丰尊,债券型
016658.OF,兴华安裕利率债A,债券型
016659.OF,兴华安裕利率债C,债券型
016884.OF,山证资管裕鑫180天持有C,债券型
016855.OF,汇添富稳福60天滚动中短债B,债券型
016883.OF,山证资管裕鑫180天持有A,债券型
017420.OF,易方达裕祥回报C,债券型
017202.OF,山证资管丰盈180天滚动持有中短债C,债券型
017201.OF,山证资管丰盈180天滚动持有中短债A,债券型
017659.OF,汇添富稳丰中短债A,债券型
017139.OF,国投瑞银顺立纯债,债券型
017660.OF,汇添富稳丰中短债C,债券型
016760.OF,东吴添利三个月定开C,债券型
016759.OF,东吴添利三个月定开A,债券型
017796.OF,合煦智远稳进纯债A,债券型
017797.OF,合煦智远稳进纯债C,债券型
017510.OF,红土创新丰睿中短债C,债券型
017509.OF,红土创新丰睿中短债A,债券型
017556.OF,招商安凯,债券型
017793.OF,国联安聚利39个月纯债,债券型
017717.OF,嘉实多盈A,债券型
017718.OF,嘉实多盈C,债券型
016026.OF,渤海汇金汇鑫益3个月定开,债券型
016711.OF,贝莱德欣悦丰利A,债券型
016712.OF,贝莱德欣悦丰利C,债券型
017085.OF,南方浩祥3个月持有A,债券型
017956.OF,汇添富稳瑞30天滚动中短债D,债券型
016718.OF,中银中短债C,债券型
017955.OF,汇添富稳瑞30天滚动中短债B,债券型
016717.OF,中银中短债A,债券型
017820.OF,鹏华丰利C,债券型
017776.OF,平安合顺1年定开,债券型
017944.OF,财通资管鸿利中短债E,债券型
017442.OF,华商鸿悦纯债,债券型
017693.OF,国泰海通安平一年定开,债券型
016765.OF,百嘉百盈纯债,债券型
017584.OF,鑫元聚鑫收益增强D,债券型
015913.OF,华夏鼎安一年定开,债券型
015991.OF,长城鑫利30天滚动中短债A,债券型
015992.OF,长城鑫利30天滚动中短债C,债券型
017926.OF,景顺长城政策性金融债C,债券型
016376.OF,易米和丰A,债券型
017456.OF,建信宁安30天持有中短债A,债券型
008330.OF,宏利添盈两年定开C,债券型
017910.OF,博时富悦纯债C,债券型
008329.OF,宏利添盈两年定开A,债券型
016999.OF,上银聚嘉益一年定开,债券型
017457.OF,建信宁安30天持有中短债C,债券型
016377.OF,易米和丰C,债券型
017172.OF,创金合信季安盈3个月持有A,债券型
017173.OF,创金合信季安盈3个月持有C,债券型
017883.OF,博时富添纯债C,债券型
016958.OF,招商安颐稳健C,债券型
016957.OF,招商安颐稳健A,债券型
016716.OF,建信渤泰C,债券型
016715.OF,建信渤泰A,债券型
017812.OF,华安鼎盈一年定开,债券型
017789.OF,建信睿享纯债C,债券型
017593.OF,汇添富添添乐双盈C,债券型
017592.OF,汇添富添添乐双盈A,债券型
013406.OF,中航瑞旭3个月定开C,债券型
013405.OF,中航瑞旭3个月定开A,债券型
016031.OF,民生加银瑞华绿债一年定开,债券型
017671.OF,浦银安盛普旭3个月定开,债券型
017729.OF,景顺长城景泰裕利纯债C,债券型
017149.OF,天弘稳健回报A,债券型
017150.OF,天弘稳健回报C,债券型
015803.OF,鹏华稳健恒利C,债券型
013380.OF,景顺长城景泰纯利C,债券型
015802.OF,鹏华稳健恒利A,债券型
017460.OF,汇添富丰和纯债C,债券型
017806.OF,中加恒泰三个月定开C,债券型
016419.OF,国泰安璟A,债券型
017459.OF,汇添富丰和纯债A,债券型
016420.OF,国泰安璟C,债券型
017771.OF,华夏聚利C,债券型
016806.OF,华宝安融六个月持有A,债券型
016807.OF,华宝安融六个月持有C,债券型
016984.OF,华泰柏瑞安盛一年持有C,债券型
016983.OF,华泰柏瑞安盛一年持有A,债券型
016889.OF,鹏华稳健增利A,债券型
017763.OF,银河领先债券C,债券型
017777.OF,工银开元利率债F,债券型
016890.OF,鹏华稳健增利C,债券型
017555.OF,融通增享纯债C,债券型
017306.OF,国寿安保超短债C,债券型
017305.OF,国寿安保超短债A,债券型
017687.OF,永赢昭利A,债券型
017688.OF,永赢昭利C,债券型
017433.OF,交银稳安60天滚动C,债券型
017432.OF,交银稳安60天滚动A,债券型
016636.OF,汇添富稳安三个月持有B,债券型
017328.OF,永赢季季享90天持有中短债A,债券型
017329.OF,永赢季季享90天持有中短债C,债券型
016797.OF,嘉实双利A,债券型
016800.OF,建信鑫和30天持有C,债券型
016689.OF,中银淳享一年定开,债券型
016799.OF,建信鑫和30天持有A,债券型
016798.OF,嘉实双利C,债券型
017677.OF,中加丰尚纯债C,债券型
007156.OF,京管泰富京元一年定开,债券型
017440.OF,英大安旸纯债A,债券型
016514.OF,创金合信信用红利E,债券型
017441.OF,英大安旸纯债C,债券型
017678.OF,中加颐合纯债C,债券型
016986.OF,淳厚瑞和A,债券型
017438.OF,博时安悦短债A,债券型
017439.OF,博时安悦短债C,债券型
016987.OF,淳厚瑞和C,债券型
017127.OF,工银瑞信瑞嘉一年定开A,债券型
017187.OF,国新国证鑫裕央企债六个月定开,债券型
017473.OF,中信建投景荣A,债券型
017474.OF,中信建投景荣C,债券型
017614.OF,工银瑞福纯债F,债券型
017447.OF,民生加银恒宁,债券型
017128.OF,工银瑞信瑞嘉一年定开C,债券型
017018.OF,农银汇理瑞泽添利C,债券型
017017.OF,农银汇理瑞泽添利A,债券型
017105.OF,光大荣利纯债A,债券型
016720.OF,富国稳健双盈C,债券型
017444.OF,嘉实30天持有中短债C,债券型
016881.OF,山证资管裕景30天持有A,债券型
017443.OF,嘉实30天持有中短债A,债券型
016882.OF,山证资管裕景30天持有C,债券型
016576.OF,民生加银瑞丰一年定开,债券型
016885.OF,山证资管裕泽A,债券型
017106.OF,光大荣利纯债C,债券型
016673.OF,华安鼎津一年定开,债券型
016719.OF,富国稳健双盈A,债券型
016886.OF,山证资管裕泽C,债券型
015584.OF,招商安悦1年持有C,债券型
016657.OF,汇丰晋信丰宁三个月定开C,债券型
015930.OF,蜂巢丰裕C,债券型
017621.OF,易方达富惠C,债券型
016790.OF,招商鑫利中短债A,债券型
016089.OF,金鹰添悦60天滚动C,债券型
016791.OF,招商鑫利中短债C,债券型
015583.OF,招商安悦1年持有A,债券型
016088.OF,金鹰添悦60天滚动A,债券型
015929.OF,蜂巢丰裕A,债券型
016656.OF,汇丰晋信丰宁三个月定开A,债券型
016431.OF,中海丰盈三个月定开,债券型
017583.OF,鑫元恒鑫收益增强D,债券型
016692.OF,华安众盈中短债C,债券型
008859.OF,人保安和一年定开,债券型
017613.OF,兴银合丰政策性金融债C,债券型
016691.OF,华安众盈中短债A,债券型
016802.OF,创金合信怡久回报C,债券型
016904.OF,华夏安益短债A,债券型
016905.OF,华夏安益短债C,债券型
016801.OF,创金合信怡久回报A,债券型
016993.OF,长江惠盈9个月持有A,债券型
016451.OF,博远增睿纯债A,债券型
016994.OF,长江惠盈9个月持有C,债券型
008432.OF,人保安睿一年定开,债券型
017180.OF,鑫元璟丰A,债券型
016744.OF,长城永利C,债券型
016743.OF,长城永利A,债券型
015958.OF,财通资管双安C,债券型
016967.OF,南方旺元60天滚动持有E,债券型
017101.OF,华宝宝通30天持有C,债券型
015957.OF,财通资管双安A,债券型
017586.OF,华润元大润丰纯债D,债券型
017585.OF,华润元大润泽D,债券型
016506.OF,太平绿色纯债一年定开,债券型
017314.OF,国泰利享安益短债A,债券型
017315.OF,国泰利享安益短债C,债券型
017100.OF,华宝宝通30天持有A,债券型
017307.OF,招商鑫嘉中短债A,债券型
017124.OF,景顺长城景泰臻利纯债C,债券型
017123.OF,景顺长城景泰臻利纯债A,债券型
016203.OF,嘉合胶东经济圈中高等级信用债一年定开,债券型
017308.OF,招商鑫嘉中短债C,债券型
016011.OF,西部利得沣享A,债券型
017152.OF,汇添富鑫悦纯债A,债券型
017153.OF,汇添富鑫悦纯债C,债券型
016838.OF,国新国证鑫颐中短债A,债券型
016839.OF,国新国证鑫颐中短债C,债券型
016012.OF,西部利得沣享C,债券型
017311.OF,大成景宁一年定开,债券型
017544.OF,浙商惠裕纯债C,债券型
016955.OF,国联恒润纯债A,债券型
015713.OF,格林聚鑫增强A,债券型
016956.OF,国联恒润纯债C,债券型
015714.OF,格林聚鑫增强C,债券型
017309.OF,创金合信利泽纯债A,债券型
016947.OF,国泰利安中短债A,债券型
016512.OF,嘉实长三角ESG纯债,债券型
016448.OF,平安双盈添益C,债券型
016447.OF,平安双盈添益A,债券型
016948.OF,国泰利安中短债C,债券型
017463.OF,中信保诚优质纯债C,债券型
017310.OF,创金合信利泽纯债C,债券型
016817.OF,兴业120天滚动C,债券型
016929.OF,万家鑫怡C,债券型
016816.OF,兴业120天滚动A,债券型
015494.OF,尚正臻惠一年定开,债券型
016928.OF,万家鑫怡A,债券型
017534.OF,富国天利增长债券C,债券型
017055.OF,工银稳健丰润90天持有中短债C,债券型
017054.OF,工银稳健丰润90天持有中短债A,债券型
016601.OF,兴业睿信一年定开,债券型
016584.OF,汇添富鑫润纯债C,债券型
016965.OF,中银乐享,债券型
016583.OF,汇添富鑫润纯债A,债券型
017428.OF,国泰鑫裕纯债,债券型
016428.OF,汇添富稳利60天滚动持有D,债券型
017058.OF,国泰海通90天滚动中短债A,债券型
017059.OF,国泰海通90天滚动中短债C,债券型
017448.OF,格林泓盛一年定开,债券型
016206.OF,信澳汇享三个月定开A,债券型
016207.OF,信澳汇享三个月定开C,债券型
016914.OF,博时富泽金融债A,债券型
017009.OF,诺德中短债C,债券型
016850.OF,中欧颐利A,债券型
016108.OF,安信臻享三个月定开,债券型
017008.OF,诺德中短债A,债券型
016851.OF,中欧颐利C,债券型
016315.OF,同泰泰裕三个月定开C,债券型
015591.OF,长城聚利纯债C,债券型
016875.OF,交银稳安30天滚动A,债券型
016877.OF,长信稳恒A,债券型
016314.OF,同泰泰裕三个月定开A,债券型
015529.OF,华泰柏瑞锦瑞E,债券型
017466.OF,汇添富稳鑫120天滚动持有B,债券型
016878.OF,长信稳恒C,债券型
015590.OF,长城聚利纯债A,债券型
016876.OF,交银稳安30天滚动C,债券型
016614.OF,中欧尊悦一年定开,债券型
015414.OF,华宝宝隆A,债券型
016722.OF,国泰海通安弘六个月定开,债券型
016417.OF,南方稳鑫6个月持有C,债券型
016416.OF,南方稳鑫6个月持有A,债券型
015415.OF,华宝宝隆C,债券型
015447.OF,安信华享纯债A,债券型
015448.OF,安信华享纯债C,债券型
016484.OF,国泰利盈60天滚动中短债C,债券型
016483.OF,国泰利盈60天滚动中短债A,债券型
016299.OF,浦银安盛季季盈90天滚动中短债A,债券型
016300.OF,浦银安盛季季盈90天滚动中短债C,债券型
015533.OF,红塔红土瑞鑫纯债A,债券型
015534.OF,红塔红土瑞鑫纯债C,债券型
016180.OF,宝盈聚鑫纯债一年定开,债券型
017024.OF,天弘通享A,债券型
017025.OF,天弘通享C,债券型
015626.OF,平安添润C,债券型
016318.OF,东方臻裕A,债券型
016871.OF,华富吉富30天滚动中短债A,债券型
015625.OF,平安添润A,债券型
016872.OF,华富吉富30天滚动中短债C,债券型
016319.OF,东方臻裕C,债券型
016966.OF,博时岁岁增利一年持有C,债券型
015961.OF,太平恒信6个月定开,债券型
017206.OF,中银嘉享3个月定开C,债券型
017129.OF,嘉实致泰一年定开纯债,债券型
016933.OF,景顺长城睿丰短债A,债券型
016359.OF,恒生前海恒源丰利A,债券型
016360.OF,恒生前海恒源丰利C,债券型
016934.OF,景顺长城睿丰短债C,债券型
016608.OF,中金安盈90天持有中短债C,债券型
016695.OF,天弘招利短债A,债券型
016607.OF,中金安盈90天持有中短债A,债券型
016426.OF,国泰信瑞纯债,债券型
016696.OF,天弘招利短债C,债券型
015624.OF,国投瑞银顺晖一年定开,债券型
017159.OF,融通增鑫C,债券型
016804.OF,格林聚享增强A,债券型
016805.OF,格林聚享增强C,债券型
017205.OF,中银智享C,债券型
016072.OF,财通弘利纯债,债券型
016671.OF,博时恒耀C,债券型
016670.OF,博时恒耀A,债券型
016481.OF,兴全恒信A,债券型
016527.OF,招商鑫诚短债C,债券型
015255.OF,农银汇理金耀3个月定开,债券型
016870.OF,景顺长城稳健增益C,债券型
016482.OF,兴全恒信C,债券型
016613.OF,长盛盛远C,债券型
016869.OF,景顺长城稳健增益A,债券型
016612.OF,长盛盛远A,债券型
016526.OF,招商鑫诚短债A,债券型
016693.OF,渤海汇金30天滚动中短债A,债券型
016662.OF,平安元福短债A,债券型
016674.OF,永赢安泰中短债A,债券型
016794.OF,华安沣裕A,债券型
016424.OF,广发集汇A,债券型
015852.OF,华泰柏瑞益安三个月定开,债券型
015482.OF,汇安裕泰纯债A,债券型
016795.OF,华安沣裕C,债券型
016663.OF,平安元福短债C,债券型
016425.OF,广发集汇C,债券型
015483.OF,汇安裕泰纯债C,债券型
016694.OF,渤海汇金30天滚动中短债C,债券型
016675.OF,永赢安泰中短债C,债券型
017163.OF,蜂巢添益E,债券型
017156.OF,易方达岁丰添利C,债券型
015818.OF,财通资管睿盈A,债券型
970205.OF,兴证资管金麒麟兴享增利六个月持有C,债券型
970204.OF,兴证资管金麒麟兴享增利六个月持有A,债券型
015819.OF,财通资管睿盈C,债券型
016109.OF,南方振元A,债券型
016110.OF,南方振元C,债券型
017109.OF,海富通瑞福C,债券型
016468.OF,华安鼎丰C,债券型
015487.OF,蜂巢丰泰三个月定开A,债券型
015488.OF,蜂巢丰泰三个月定开C,债券型
016240.OF,泰信添鑫中短债C,债券型
015260.OF,鹏华永鑫一年定开,债券型
016239.OF,泰信添鑫中短债A,债券型
015953.OF,信澳鑫享A,债券型
015530.OF,鹏华稳福中短债A,债券型
015532.OF,鹏华稳福中短债E,债券型
015531.OF,鹏华稳福中短债C,债券型
015954.OF,信澳鑫享C,债券型
016151.OF,国融稳泰纯债A,债券型
016931.OF,国泰惠富纯债C,债券型
016152.OF,国融稳泰纯债C,债券型
016930.OF,国泰惠盈纯债C,债券型
016932.OF,国泰丰祺纯债C,债券型
016539.OF,国泰丰盈纯债C,债券型
016023.OF,兴业添益6个月定开,债券型
016925.OF,华夏鼎辉A,债券型
016812.OF,长信稳航30天持有中短债A,债券型
017044.OF,新华聚利E,债券型
016926.OF,华夏鼎辉C,债券型
015804.OF,华安添魁,债券型
016813.OF,长信稳航30天持有中短债C,债券型
015350.OF,银河季季盈90天滚动A,债券型
015351.OF,银河季季盈90天滚动C,债券型
016727.OF,鑫元嘉利一年定开,债券型
015893.OF,广发景益A,债券型
016901.OF,工银四季收益C,债券型
016421.OF,万家惠利A,债券型
016422.OF,万家惠利C,债券型
016210.OF,摩根瑞享纯债A,债券型
015376.OF,泰信汇鑫三个月定开C,债券型
015375.OF,泰信汇鑫三个月定开A,债券型
016211.OF,摩根瑞享纯债C,债券型
016027.OF,兴华安悦纯债A,债券型
016820.OF,长信先优C,债券型
016028.OF,兴华安悦纯债C,债券型
015543.OF,百嘉百益A,债券型
015544.OF,百嘉百益C,债券型
016407.OF,中泰稳固30天持有中短债A,债券型
016753.OF,中信建投景信C,债券型
016511.OF,嘉实年年红一年持有C,债券型
016510.OF,嘉实年年红一年持有A,债券型
016408.OF,中泰稳固30天持有中短债C,债券型
016752.OF,中信建投景信A,债券型
016808.OF,嘉合磐益纯债A,债券型
016809.OF,嘉合磐益纯债C,债券型
016853.OF,浙商汇金双月鑫60天滚动中短债E,债券型
016367.OF,嘉实多利收益C,债券型
015622.OF,平安合禧1年定开,债券型
015702.OF,华夏鼎誉三个月定开C,债券型
015996.OF,汇安裕盈纯债C,债券型
015701.OF,华夏鼎誉三个月定开A,债券型
015995.OF,汇安裕盈纯债A,债券型
004534.OF,汇添富双盈回报一年持有A,债券型
016329.OF,鹏华创兴增利A,债券型
016331.OF,鹏华创兴增利D,债券型
016586.OF,富国汇泽一年定开C,债券型
016330.OF,鹏华创兴增利C,债券型
016793.OF,大成惠昭一年定开,债券型
016585.OF,富国汇泽一年定开A,债券型
004535.OF,汇添富双盈回报一年持有C,债券型
015932.OF,金鹰恒润C,债券型
016745.OF,大摩纯债稳定增利A,债券型
015931.OF,金鹰恒润A,债券型
016327.OF,农银汇理双利回报A,债券型
016328.OF,农银汇理双利回报C,债券型
016787.OF,万家家享中短债D,债券型
012714.OF,长安泓润纯债E,债券型
016411.OF,招商添文1年定开,债券型
015256.OF,鹏华畅享A,债券型
015257.OF,鹏华畅享C,债券型
015569.OF,招商招裕纯债D,债券型
015712.OF,泰康丰泰一年定开,债券型
015349.OF,招商招恒纯债D,债券型
016699.OF,易方达丰和C,债券型
016779.OF,招商安华D,债券型
016032.OF,光大尊颐纯债一年定开,债券型
015525.OF,天弘多元增利C,债券型
014952.OF,国泰睿鸿一年定开,债券型
016144.OF,工银瑞诚一年定开A,债券型
016145.OF,工银瑞诚一年定开C,债券型
015524.OF,天弘多元增利A,债券型
015727.OF,中泰双利A,债券型
015728.OF,中泰双利C,债券型
012902.OF,平安添悦A,债券型
012903.OF,平安添悦C,债券型
016644.OF,国泰瑞悦3个月持有,债券型
012563.OF,景顺长城90天持有A,债券型
012564.OF,景顺长城90天持有C,债券型
015018.OF,西部利得双兴一年定开,债券型
016537.OF,上银慧鑫利,债券型
015924.OF,申万菱信稳鑫90天滚动中短债C,债券型
015063.OF,华润元大润丰纯债A,债券型
015923.OF,申万菱信稳鑫90天滚动中短债A,债券型
016728.OF,华安乾煜C,债券型
015064.OF,华润元大润丰纯债C,债券型
015948.OF,南方光元A,债券型
016397.OF,交银稳益短债C,债券型
016609.OF,鹏华丰启,债券型
016006.OF,红土创新添利C,债券型
016396.OF,交银稳益短债A,债券型
016005.OF,红土创新添利A,债券型
015393.OF,泰康安泓一年定开纯债,债券型
016596.OF,民生加银月月乐30天持有A,债券型
016597.OF,民生加银月月乐30天持有C,债券型
016513.OF,招商安嘉,债券型
015934.OF,中泰安悦6个月定开C,债券型
015933.OF,中泰安悦6个月定开A,债券型
016629.OF,广发添财60天持有C,债券型
016348.OF,德邦锐兴E,债券型
016628.OF,广发添财60天持有A,债券型
015836.OF,浙商汇金聚瑞A,债券型
016414.OF,万家鑫耀纯债A,债券型
015837.OF,浙商汇金聚瑞C,债券型
016342.OF,南方耀元A,债券型
016415.OF,万家鑫耀纯债C,债券型
016598.OF,万家鑫安纯债E,债券型
016405.OF,大成景泽中短债C,债券型
015284.OF,圆信永丰兴益三个月定开A,债券型
016404.OF,大成景泽中短债A,债券型
016661.OF,华商鸿丰纯债,债券型
016009.OF,中加博盈一年定开,债券型
008430.OF,人保利丰纯债A,债券型
008431.OF,人保利丰纯债C,债券型
015581.OF,国寿安保泰然纯债,债券型
015898.OF,大成元合双利A,债券型
015771.OF,银华绿色低碳,债券型
015492.OF,中航瑞发3个月定开A,债券型
015845.OF,红土创新丰泽中短债C,债券型
014959.OF,华泰柏瑞益兴三个月定开,债券型
015844.OF,红土创新丰泽中短债A,债券型
015493.OF,中航瑞发3个月定开C,债券型
015899.OF,大成元合双利C,债券型
016672.OF,汇安嘉裕C,债券型
016413.OF,兴合安平六个月持有C,债券型
014723.OF,嘉合磐弘一年定开纯债,债券型
015469.OF,永赢湖北国企债一年定开,债券型
016149.OF,中银季季享90天滚动中短债A,债券型
016124.OF,汇泉安盈回报A,债券型
016150.OF,中银季季享90天滚动中短债C,债券型
016412.OF,兴合安平六个月持有A,债券型
016125.OF,汇泉安盈回报C,债券型
015716.OF,华夏稳享增利6个月滚动A,债券型
015717.OF,华夏稳享增利6个月滚动C,债券型
016406.OF,格林泓旭利率债,债券型
016575.OF,国泰合融纯债C,债券型
016615.OF,国泰润泰纯债C,债券型
016604.OF,国泰嘉睿纯债C,债券型
016438.OF,鑫元惠丰纯债A,债券型
016439.OF,鑫元惠丰纯债C,债券型
015478.OF,国联融盛双盈C,债券型
016338.OF,财通资管通达稳利3个月持有A,债券型
015477.OF,国联融盛双盈A,债券型
016339.OF,财通资管通达稳利3个月持有C,债券型
016192.OF,永赢安悦60天持有中短债C,债券型
015445.OF,申万菱信绿色纯债A,债券型
015446.OF,申万菱信绿色纯债C,债券型
016247.OF,天弘裕享一年定开,债券型
016162.OF,天弘永利优享C,债券型
015476.OF,广发景阳纯债,债券型
016191.OF,永赢安悦60天持有中短债A,债券型
016161.OF,天弘永利优享A,债券型
016557.OF,长盛安鑫中短债E,债券型
016580.OF,万家双利C,债券型
016003.OF,广发集远A,债券型
016004.OF,广发集远C,债券型
016212.OF,中银证券安添3个月定开A,债券型
015925.OF,万家鑫融纯债A,债券型
016126.OF,景顺长城景泰永利纯债A,债券型
016127.OF,景顺长城景泰永利纯债C,债券型
015926.OF,万家鑫融纯债C,债券型
016213.OF,中银证券安添3个月定开C,债券型
014969.OF,中信建投景润3个月定开C,债券型
014452.OF,天弘惠享一年定开,债券型
014968.OF,中信建投景润3个月定开A,债券型
016540.OF,中加颐鑫纯债C,债券型
016142.OF,华安沣悦A,债券型
016479.OF,易方达裕丰回报C,债券型
016143.OF,华安沣悦C,债券型
014474.OF,中欧安悦一年定开,债券型
016235.OF,浦银安盛普诚纯债A,债券型
016536.OF,中加颐享纯债C,债券型
016236.OF,浦银安盛普诚纯债C,债券型
014778.OF,国寿安保安和纯债,债券型
008569.OF,中航瑞智纯债A,债券型
008570.OF,中航瑞智纯债C,债券型
016497.OF,建信鑫享短债D,债券型
016296.OF,英大通佑一年定开纯债,债券型
016302.OF,兴业180天持有C,债券型
016427.OF,汇添富丰利短债D,债券型
016474.OF,交银稳固收益C,债券型
016301.OF,兴业180天持有A,债券型
014444.OF,汇丰晋信丰盈C,债券型
014992.OF,嘉合磐恒C,债券型
014443.OF,汇丰晋信丰盈A,债券型
014991.OF,嘉合磐恒A,债券型
016025.OF,工银稳健丰瑞90天持有C,债券型
016024.OF,工银稳健丰瑞90天持有A,债券型
015730.OF,东海鑫宁利率债三个月定开,债券型
016241.OF,嘉实稳泽纯债C,债券型
015335.OF,上银慧信利三个月定开,债券型
015464.OF,兴全兴益A,债券型
015465.OF,兴全兴益C,债券型
014785.OF,华安添顺,债券型
014391.OF,华安添信,债券型
015653.OF,鹏华永平6个月定开,债券型
016472.OF,天弘增益回报D,债券型
016081.OF,财通资管通达稳健3个月持有C,债券型
016403.OF,财通多利E,债券型
016080.OF,财通资管通达稳健3个月持有A,债券型
015938.OF,平安盈福6个月持有A,债券型
015939.OF,平安盈福6个月持有C,债券型
016015.OF,博远利兴纯债一年定开,债券型
016190.OF,国联恒通纯债C,债券型
016189.OF,国联恒通纯债A,债券型
015606.OF,广发集祥A,债券型
015607.OF,广发集祥C,债券型
016295.OF,新华利率债E,债券型
016160.OF,天弘安恒60天滚动持有C,债券型
014487.OF,汇添富淳享一年定开C,债券型
014486.OF,汇添富淳享一年定开A,债券型
014343.OF,泰康丰盛纯债一年定开,债券型
013214.OF,大摩安盈稳固六个月持有A,债券型
014823.OF,长信稳兴三个月定开A,债券型
880002.OF,招商资管招朝鑫中短债A,债券型
970182.OF,招商资管招朝鑫中短债C,债券型
013215.OF,大摩安盈稳固六个月持有C,债券型
014824.OF,长信稳兴三个月定开C,债券型
015909.OF,方正富邦鸿远C,债券型
015908.OF,方正富邦鸿远A,债券型
016034.OF,建信鑫福60天持有中短债A,债券型
015805.OF,景顺长城景颐尊利A,债券型
014816.OF,财通资管鸿慧中短债C,债券型
014815.OF,财通资管鸿慧中短债A,债券型
015830.OF,平安惠复纯债A,债券型
015831.OF,平安惠复纯债C,债券型
014817.OF,财通资管鸿慧中短债E,债券型
015806.OF,景顺长城景颐尊利C,债券型
016035.OF,建信鑫福60天持有中短债C,债券型
016141.OF,汇添富稳瑞30天滚动中短债C,债券型
016140.OF,汇添富稳瑞30天滚动中短债A,债券型
014290.OF,南方晨利一年定开,债券型
015832.OF,永赢宏泰A,债券型
015833.OF,永赢宏泰C,债券型
016270.OF,博时富鑫纯债C,债券型
015164.OF,鑫元晟利一年定开,债券型
016194.OF,恒生前海恒悦纯债C,债券型
015883.OF,平安盈泽1年持有C,债券型
016193.OF,恒生前海恒悦纯债A,债券型
016038.OF,汇添富丰润中短债C,债券型
016039.OF,汇添富丰润中短债E,债券型
015882.OF,平安盈泽1年持有A,债券型
015654.OF,交银稳鑫短债D,债券型
016255.OF,中信保诚优胜精选C,稳定增值型
015333.OF,天弘合利A,债券型
015334.OF,天弘合利C,债券型
014966.OF,永赢坤益,债券型
015910.OF,鑫元裕丰,债券型
015811.OF,兴全恒泰一年定开,债券型
015629.OF,招商添兴6个月定开A,债券型
016112.OF,国投瑞银顺熙一年定开,债券型
016094.OF,华泰紫金添鑫30天滚动中短债C,债券型
016172.OF,鹏扬利泽D,债券型
016093.OF,华泰紫金添鑫30天滚动中短债A,债券型
015315.OF,富国汇享三个月定开A,债券型
015979.OF,安信恒鑫增强C,债券型
014955.OF,国联安添益增长A,债券型
015316.OF,富国汇享三个月定开C,债券型
015978.OF,安信恒鑫增强A,债券型
014956.OF,国联安添益增长C,债券型
015853.OF,汇添富稳安三个月持有A,债券型
015854.OF,汇添富稳安三个月持有C,债券型
015855.OF,汇添富稳安三个月持有E,债券型
016107.OF,红土创新丰源中短债B,债券型
015851.OF,南华瑞诚一年定开,债券型
015597.OF,方正富邦稳泓3个月定开,债券型
014510.OF,圆信永丰聚兴一年定开,债券型
015943.OF,上银慧享利30天滚动中短债C,债券型
015942.OF,上银慧享利30天滚动中短债A,债券型
015869.OF,中银誉享一年定开,债券型
016017.OF,长盛恒盛利率债C,债券型
015363.OF,汇添富鑫裕一年定开C,债券型
015918.OF,兴业30天滚动中短债C,债券型
015917.OF,兴业30天滚动中短债A,债券型
015835.OF,汇添富鑫和纯债C,债券型
015501.OF,中银恒嘉60天滚动持有E,债券型
015362.OF,汇添富鑫裕一年定开A,债券型
016016.OF,长盛恒盛利率债A,债券型
015834.OF,汇添富鑫和纯债A,债券型
015959.OF,太平嘉和三个月定开,债券型
015949.OF,上银聚恒益一年定开,债券型
015783.OF,创金合信稳健添利C,债券型
015782.OF,创金合信稳健添利A,债券型
015858.OF,浦银安盛盛嘉一年定开,债券型
016047.OF,鹏扬利鑫60天滚动E,债券型
014073.OF,汇安裕同纯债C,债券型
015815.OF,浦银安盛稳鑫120天滚动中短债A,债券型
014072.OF,汇安裕同纯债A,债券型
015816.OF,浦银安盛稳鑫120天滚动中短债C,债券型
015479.OF,国联益泓90天滚动A,债券型
014721.OF,富国碳中和一年定开,债券型
015480.OF,国联益泓90天滚动C,债券型
015552.OF,中加安盈一年定开,债券型
015721.OF,平安元悦60天滚动持有短债C,债券型
015404.OF,嘉实90天滚动A,债券型
015405.OF,嘉实90天滚动C,债券型
015810.OF,国泰海通君添利中短债C,债券型
015720.OF,平安元悦60天滚动持有短债A,债券型
015809.OF,国泰海通君添利中短债A,债券型
014387.OF,光大尊利纯债一年定开,债券型
015470.OF,华安添锦,债券型
014876.OF,长城瑞利纯债A,债券型
014877.OF,长城瑞利纯债C,债券型
014060.OF,富国安慧C,债券型
014059.OF,富国安慧A,债券型
015747.OF,博时四月享120天持有C,债券型
015969.OF,博时富尊纯债一年定开,债券型
015746.OF,博时四月享120天持有A,债券型
014388.OF,渤海汇金兴宸一年定开,债券型
013352.OF,中加聚安60天滚动中短债C,债券型
013351.OF,中加聚安60天滚动中短债A,债券型
015935.OF,广发景华纯债C,债券型
015866.OF,中信建投景泰C,债券型
015340.OF,同泰泰享中短债A,债券型
014710.OF,平安惠韵纯债A,债券型
014711.OF,平安惠韵纯债C,债券型
014384.OF,国投瑞银顺腾一年定开,债券型
015243.OF,东兴连裕6个月滚动A,债券型
015580.OF,中金金誉,债券型
015244.OF,东兴连裕6个月滚动C,债券型
015865.OF,中信建投景泰A,债券型
015341.OF,同泰泰享中短债C,债券型
015342.OF,同泰泰享中短债E,债券型
015003.OF,中邮尊佑一年定开,债券型
015263.OF,淳厚稳荣一年定开,债券型
015659.OF,中信建投景晟A,债券型
015660.OF,中信建投景晟C,债券型
015824.OF,博时月月乐同业存单30天持有,债券型
014385.OF,华富安业一年持有A,债券型
015620.OF,英大安悦纯债A,债券型
014386.OF,华富安业一年持有C,债券型
015621.OF,英大安悦纯债C,债券型
015539.OF,富国元利A,债券型
015540.OF,富国元利C,债券型
014965.OF,国投瑞银顺和一年定开,债券型
970170.OF,兴证资管金麒麟悦享添利30天滚动持有C,债券型
014281.OF,农银汇理金鸿C,债券型
014240.OF,农银汇理金鸿A,债券型
970169.OF,兴证资管金麒麟悦享添利30天滚动持有B,债券型
013723.OF,上银聚顺益一年定开,债券型
970168.OF,兴证资管金麒麟悦享添利30天滚动持有A,债券型
015070.OF,华宝安宜六个月持有C,债券型
015069.OF,华宝安宜六个月持有A,债券型
015848.OF,天弘合益D,债券型
015397.OF,博时富鸿金融债3个月定开A,债券型
015661.OF,天弘同利D,债券型
015438.OF,中银荣享,债券型
013667.OF,中加瑞鸿一年定开,债券型
013579.OF,鹏扬丰利一年持有A,债券型
013580.OF,鹏扬丰利一年持有C,债券型
015542.OF,东兴兴福一年定开C,债券型
015612.OF,东方红短债E,债券型
970166.OF,招商资管增益添彩一个月持有中短债C,债券型
014743.OF,恒生前海恒源嘉利C,债券型
014742.OF,恒生前海恒源嘉利A,债券型
015748.OF,上银可转债精选C,债券型
970165.OF,招商资管增益添彩一个月持有中短债A,债券型
882118.OF,招商资管增益添彩一个月持有中短债D,债券型
014856.OF,建信鑫享短债A,债券型
014858.OF,建信鑫享短债F,债券型
014857.OF,建信鑫享短债C,债券型
014779.OF,尚正臻利A,债券型
014780.OF,尚正臻利C,债券型
014469.OF,平安元和90天滚动持有短债C,债券型
014468.OF,平安元和90天滚动持有短债A,债券型
014925.OF,天弘优利短债C,债券型
014924.OF,天弘优利短债A,债券型
015706.OF,诺德安元纯债,债券型
015723.OF,长城久悦C,债券型
015616.OF,天弘丰益C,债券型
015615.OF,天弘丰益A,债券型
015330.OF,财通资管睿达一年定开,债券型
014637.OF,国联安中短债C,债券型
015736.OF,长盛盛裕纯债D,债券型
014636.OF,国联安中短债A,债券型
014993.OF,广发景宏A,债券型
015307.OF,华泰紫金智享一年定开,债券型
010577.OF,汇安永福90天持有中短债A,债券型
015523.OF,华商鸿盛纯债,债券型
010578.OF,汇安永福90天持有中短债C,债券型
015517.OF,建信鑫恒120天滚动中短债C,债券型
015120.OF,中银沃享一年定开,债券型
015516.OF,建信鑫恒120天滚动中短债A,债券型
015168.OF,平安盈瑞六个月持有A,债券型
014738.OF,广发恒祥A,债券型
015632.OF,大成惠瑞一年定开,债券型
015169.OF,平安盈瑞六个月持有C,债券型
014739.OF,广发恒祥C,债券型
015672.OF,中加丰裕纯债C,债券型
015371.OF,中加聚享增盈A,债券型
015449.OF,太平安元C,债券型
015372.OF,中加聚享增盈C,债券型
015437.OF,太平安元A,债券型
015240.OF,山证资管裕享增强C,债券型
015603.OF,国泰海通君得盛C,债券型
015239.OF,山证资管裕享增强A,债券型
014846.OF,博时恒乐A,债券型
014748.OF,西部利得季季稳90天滚动A,债券型
015403.OF,长江丰瑞3个月持有C,债券型
014847.OF,博时恒乐C,债券型
009109.OF,博远增益纯债A,债券型
015402.OF,长江丰瑞3个月持有A,债券型
009110.OF,博远增益纯债C,债券型
014749.OF,西部利得季季稳90天滚动C,债券型
015500.OF,山证资管裕辰,债券型
014769.OF,财通资管双福9个月持有A,债券型
014770.OF,财通资管双福9个月持有C,债券型
013493.OF,景顺长城30天滚动C,债券型
014848.OF,宏利闽利一年定开,债券型
015472.OF,万家鑫橙纯债C,债券型
015471.OF,万家鑫橙纯债A,债券型
013492.OF,景顺长城30天滚动A,债券型
015427.OF,东吴月月享30天持有C,债券型
014656.OF,国联益海30天滚动C,债券型
014655.OF,国联益海30天滚动A,债券型
015109.OF,中泰安益利率债C,债券型
015108.OF,中泰安益利率债A,债券型
015426.OF,东吴月月享30天持有A,债券型
014884.OF,兴银合鑫,债券型
014217.OF,国泰利享中短债E,债券型
013423.OF,宝盈安盛中短债A,债券型
013424.OF,宝盈安盛中短债C,债券型
014481.OF,华夏鼎优C,债券型
015377.OF,兴全优选稳健六个月持有A,债券型
014480.OF,华夏鼎优A,债券型
015378.OF,兴全优选稳健六个月持有C,债券型
015209.OF,华夏鼎成一年定开,债券型
015489.OF,申万菱信稳鑫30天滚动A,债券型
013545.OF,华夏卓信一年定开,债券型
015490.OF,申万菱信稳鑫30天滚动C,债券型
015267.OF,中邮睿泽一年持有C,债券型
015266.OF,中邮睿泽一年持有A,债券型
015474.OF,工银瑞恒3个月定开C,债券型
015411.OF,中信建投景安C,债券型
015410.OF,中信建投景安A,债券型
015473.OF,工银瑞恒3个月定开A,债券型
013283.OF,中欧兴盈一年定开,债券型
014491.OF,浙商汇金双月鑫60天滚动中短债C,债券型
013487.OF,华安领荣一年定开,债券型
014883.OF,鑫元悦享60天滚动中短债C,债券型
014882.OF,鑫元悦享60天滚动中短债A,债券型
014490.OF,浙商汇金双月鑫60天滚动中短债A,债券型
015503.OF,中欧中短债C,债券型
013866.OF,中信建投景明一年定开,债券型
015302.OF,博时双季乐六个月持有C,债券型
015551.OF,宏利昇利一年定开,债券型
015452.OF,兴华安丰纯债C,债券型
015451.OF,兴华安丰纯债A,债券型
015301.OF,博时双季乐六个月持有A,债券型
015563.OF,天弘丰利C,债券型
015502.OF,中欧中短债A,债券型
015076.OF,中加恒享三个月定开,债券型
015499.OF,东海祥苏短债E,债券型
013538.OF,鹏华永宁3个月定开,债券型
013650.OF,华安乾煜A,债券型
014266.OF,创金合信汇鑫一年定开,债券型
013670.OF,国联安恒泰3个月定开纯债,债券型
015331.OF,恒生前海恒利纯债A,债券型
015082.OF,兴业90天滚动中短债C,债券型
015332.OF,恒生前海恒利纯债C,债券型
015081.OF,兴业90天滚动中短债A,债券型
014870.OF,方正富邦稳丰一年定开,债券型
013062.OF,国寿安保安诚纯债一年定开,债券型
014464.OF,交银裕道纯债一年定开A,债券型
014475.OF,华富富鑫一年定开,债券型
013401.OF,大成稳益90天滚动E,债券型
013673.OF,国联安恒悦90天持有C,债券型
013672.OF,国联安恒悦90天持有A,债券型
013400.OF,大成稳益90天滚动C,债券型
014076.OF,华商鸿源三个月定开纯债,债券型
013399.OF,大成稳益90天滚动A,债券型
014814.OF,格林泓皓纯债,债券型
015423.OF,浦银安盛普裕一年定开,债券型
014912.OF,南方信元A,债券型
015155.OF,浦银安盛稳健回报6个月持有A,债券型
015156.OF,浦银安盛稳健回报6个月持有C,债券型
015312.OF,国金及第中短债B,债券型
015275.OF,英大安益中短债C,债券型
013964.OF,达诚定海双月享60天滚动A,债券型
015274.OF,英大安益中短债A,债券型
013965.OF,达诚定海双月享60天滚动C,债券型
014502.OF,泰信汇盈A,债券型
014511.OF,英大安盈30天滚动A,债券型
014911.OF,东方红短债C,债券型
014910.OF,东方红短债A,债券型
014503.OF,泰信汇盈C,债券型
014512.OF,英大安盈30天滚动C,债券型
013719.OF,兴银稳益30天持有C,债券型
013213.OF,兴业嘉鸿一年定开,债券型
015439.OF,长盛安逸纯债E,债券型
013718.OF,兴银稳益30天持有A,债券型
014675.OF,惠升和顺恒利3个月定开A,债券型
013615.OF,泰信鑫瑞C,债券型
014676.OF,惠升和顺恒利3个月定开C,债券型
013614.OF,泰信鑫瑞A,债券型
014316.OF,鹏华双季享180天持有C,债券型
014196.OF,泰信添利30天持有C,债券型
014195.OF,泰信添利30天持有A,债券型
014315.OF,鹏华双季享180天持有A,债券型
014553.OF,中航瑞华ESG一年定开C,债券型
014552.OF,中航瑞华ESG一年定开A,债券型
013408.OF,蜂巢丰和A,债券型
013409.OF,蜂巢丰和C,债券型
014284.OF,鑫元皓利一年定开,债券型
013737.OF,嘉实短债A,债券型
013738.OF,嘉实短债C,债券型
015370.OF,华泰柏瑞季季红C,债券型
015323.OF,广发集源E,债券型
013828.OF,华泰柏瑞鸿益30天滚动短债C,债券型
015141.OF,华泰紫金周周购6个月滚动A,债券型
015008.OF,汇安永利30天持有A,债券型
015142.OF,华泰紫金周周购6个月滚动C,债券型
014741.OF,财通资管鸿商中短债C,债券型
014740.OF,财通资管鸿商中短债A,债券型
015009.OF,汇安永利30天持有C,债券型
013827.OF,华泰柏瑞鸿益30天滚动短债A,债券型
014705.OF,国泰海通君得利短债C,债券型
014973.OF,景顺长城景泰悦利三个月定开纯债A,债券型
952001.OF,国泰海通君得利短债A,债券型
012843.OF,海富通恒益金融债一年定开,债券型
014974.OF,景顺长城景泰悦利三个月定开纯债C,债券型
014492.OF,浙商汇金兴利增强A,债券型
014493.OF,浙商汇金兴利增强C,债券型
015106.OF,百嘉百顺纯债A,债券型
015107.OF,百嘉百顺纯债C,债券型
952050.OF,国泰海通60天滚动中短债B,债券型
014399.OF,中银民利一年持有A,债券型
015249.OF,国泰海通60天滚动中短债C,债券型
015175.OF,申万菱信稳益宝C,债券型
014400.OF,中银民利一年持有C,债券型
015049.OF,招商添安1年定开,债券型
015248.OF,国泰海通60天滚动中短债A,债券型
015167.OF,申万菱信可转债C,债券型
013146.OF,兴银汇泓一年定开,债券型
012742.OF,工银瑞富一年定开,债券型
012795.OF,易方达裕兴3个月定开,债券型
015207.OF,万家鑫瑞D,债券型
014672.OF,富国裕利C,债券型
014671.OF,富国裕利A,债券型
015019.OF,蜂巢丰颐A,债券型
015020.OF,蜂巢丰颐C,债券型
015023.OF,万家安恒纯债3个月持有C,债券型
015022.OF,万家安恒纯债3个月持有A,债券型
014802.OF,红土创新丰源中短债C,债券型
014801.OF,红土创新丰源中短债A,债券型
014230.OF,国泰瑞丰纯债,债券型
015045.OF,大成惠信一年定开,债券型
014714.OF,工银瑞兴一年定开纯债,债券型
013257.OF,南方通元6个月持有A,债券型
013258.OF,南方通元6个月持有C,债券型
014868.OF,大摩灵动优选C,债券型
014457.OF,招商稳恒中短债60天持有C,债券型
014456.OF,招商稳恒中短债60天持有A,债券型
014594.OF,汇添富稳福60天滚动中短债A,债券型
014596.OF,汇添富稳福60天滚动中短债E,债券型
014595.OF,汇添富稳福60天滚动中短债C,债券型
014209.OF,民生加银恒祥,债券型
014098.OF,鹏扬利鑫60天滚动C,债券型
014097.OF,鹏扬利鑫60天滚动A,债券型
014398.OF,中银恒悦180天持有C,债券型
012424.OF,汇添富鑫弘定开A,债券型
012425.OF,汇添富鑫弘定开C,债券型
014397.OF,中银恒悦180天持有A,债券型
013801.OF,财通安裕30天持有期中短债E,债券型
013800.OF,财通安裕30天持有期中短债C,债券型
012937.OF,大成惠业一年定开,债券型
013799.OF,财通安裕30天持有期中短债A,债券型
014250.OF,建信鑫怡90天滚动中短债A,债券型
014138.OF,中泰安睿C,债券型
014137.OF,中泰安睿A,债券型
014251.OF,建信鑫怡90天滚动中短债C,债券型
014887.OF,招商安福1年定开,债券型
004451.OF,汇添富双鑫添利A,债券型
004452.OF,汇添富双鑫添利C,债券型
014116.OF,上银慧恒收益增强C,债券型
014717.OF,东兴兴源C,债券型
014716.OF,东兴兴源A,债券型
013975.OF,国投瑞银恒誉90天持有中短债C,债券型
014504.OF,鹏扬淳开D,债券型
013974.OF,国投瑞银恒誉90天持有中短债A,债券型
890011.OF,长江聚利A,债券型
014720.OF,长江聚利C,债券型
014476.OF,山证资管90天滚动持有A,债券型
014477.OF,山证资管90天滚动持有C,债券型
014712.OF,恒生前海恒裕A,债券型
014713.OF,恒生前海恒裕C,债券型
013628.OF,广发集悦A,债券型
013629.OF,广发集悦C,债券型
014775.OF,招商安本增利A,债券型
014688.OF,招商招景纯债D,债券型
013728.OF,创金合信恒宁30天滚动持有A,债券型
013164.OF,东兴兴盈三个月定开A,债券型
013729.OF,创金合信恒宁30天滚动持有C,债券型
013165.OF,东兴兴盈三个月定开C,债券型
014537.OF,中银中国精选C,稳定型
014670.OF,银华安盈短债D,债券型
014644.OF,浦银安盛盛瑞纯债C,债券型
014088.OF,永赢稳健增强A,债券型
014643.OF,浦银安盛盛瑞纯债A,债券型
014089.OF,永赢稳健增强C,债券型
014517.OF,华夏30天滚动A,债券型
014446.OF,鹏华稳瑞中短债A,债券型
014518.OF,华夏30天滚动C,债券型
009518.OF,人保福欣3个月定开C,债券型
007383.OF,国融稳益A,债券型
007384.OF,国融稳益C,债券型
013744.OF,泰信汇利三个月定开C,债券型
014383.OF,申万菱信集利三个月定开,债券型
013159.OF,国泰瑞鑫一年定开,债券型
009517.OF,人保福欣3个月定开A,债券型
014638.OF,银华安鑫短债D,债券型
013743.OF,泰信汇利三个月定开A,债券型
012789.OF,汇添富双享回报A,债券型
013699.OF,永赢安盈90天滚动A,债券型
013857.OF,信澳优享A,债券型
013982.OF,嘉合磐立一年定开纯债,债券型
013858.OF,信澳优享C,债券型
013700.OF,永赢安盈90天滚动C,债券型
012790.OF,汇添富双享回报C,债券型
014435.OF,中航瑞夏一年定开A,债券型
014012.OF,蜂巢丰吉纯债A,债券型
014231.OF,国寿安保安锦纯债一年定开,债券型
014013.OF,蜂巢丰吉纯债C,债券型
013669.OF,永赢慧盈一年持有C,债券型
013668.OF,永赢慧盈一年持有A,债券型
014436.OF,中航瑞夏一年定开C,债券型
014105.OF,长城信利一年定开,债券型
013751.OF,中信建投稳益90天滚动持有A,债券型
013752.OF,中信建投稳益90天滚动持有C,债券型
014570.OF,东吴鼎泰C,债券型
014447.OF,大成惠源一年定开,债券型
014392.OF,嘉实致乾纯债,债券型
012618.OF,长安泓沣中短债E,债券型
014242.OF,农银汇理悦利,债券型
013773.OF,国泰睿元一年定开,债券型
013966.OF,西部利得双瑞一年定开,债券型
014448.OF,安信永宁一年定开,债券型
013272.OF,国泰海通1年定开,债券型
013820.OF,华安顺穗,债券型
013972.OF,长江致惠30天滚动持有短债A,债券型
014451.OF,天弘新享一年定开,债券型
013008.OF,淳厚稳宁6个月定开,债券型
013973.OF,长江致惠30天滚动持有短债C,债券型
013544.OF,嘉实致远3个月定开,债券型
012384.OF,宏利中短债A,债券型
012385.OF,宏利中短债C,债券型
014494.OF,万家鑫丰纯债E,债券型
014249.OF,兴业一年持有C,债券型
013952.OF,工银瑞和3个月定开A,债券型
013459.OF,华夏稳鑫增利80天滚动持有A,债券型
013953.OF,工银瑞和3个月定开C,债券型
014248.OF,兴业一年持有A,债券型
013460.OF,华夏稳鑫增利80天滚动持有C,债券型
014234.OF,永赢轩益,债券型
014257.OF,国联恒泽纯债A,债券型
011951.OF,国寿安保安弘纯债一年定开,债券型
014258.OF,国联恒泽纯债C,债券型
014465.OF,长盛安鑫中短债D,债券型
014000.OF,中欧丰利A,债券型
012807.OF,国联安恒鑫3个月定开,债券型
013792.OF,大成稳安60天滚动持有E,债券型
014001.OF,中欧丰利C,债券型
013791.OF,大成稳安60天滚动持有C,债券型
013790.OF,大成稳安60天滚动持有A,债券型
014259.OF,百嘉百兴A,债券型
014055.OF,太平恒兴纯债,债券型
014086.OF,兴全恒悦180天持有A,债券型
013521.OF,富荣中短债C,债券型
013520.OF,富荣中短债A,债券型
014087.OF,兴全恒悦180天持有C,债券型
013222.OF,博远臻享3个月定开债A,债券型
013231.OF,浙商智多盈A,债券型
013549.OF,招商享利增强C,债券型
013730.OF,方正富邦稳恒3个月定开,债券型
013232.OF,浙商智多盈C,债券型
013548.OF,招商享利增强A,债券型
013223.OF,博远臻享3个月定开债C,债券型
013979.OF,惠升和赢纯债3个月定开C,债券型
013498.OF,银华永丰,债券型
014004.OF,博时富璟纯债一年定开,债券型
013978.OF,惠升和赢纯债3个月定开A,债券型
013573.OF,中邮鑫溢中短债A,债券型
013235.OF,华富富惠一年定开,债券型
013574.OF,中邮鑫溢中短债C,债券型
012032.OF,光大纯债C,债券型
013977.OF,财通资管鸿佳60天滚动持有C,债券型
012803.OF,国联聚优一年定开,债券型
014297.OF,摩根月月盈30天滚动持有A,债券型
012031.OF,光大纯债A,债券型
014298.OF,摩根月月盈30天滚动持有C,债券型
013976.OF,财通资管鸿佳60天滚动持有A,债券型
013646.OF,景顺长城景泰鼎利一年定开C,债券型
013645.OF,景顺长城景泰鼎利一年定开A,债券型
014378.OF,创金合信尊睿A,债券型
014379.OF,创金合信尊睿C,债券型
012856.OF,银华顺益一年定开,债券型
014336.OF,金鹰元丰C,债券型
013497.OF,易方达裕华利率债3个月定开,债券型
013863.OF,财通多利C,债券型
013931.OF,博时富恒纯债一年定开,债券型
014367.OF,招商添悦纯债D,债券型
013865.OF,平安元泓30天滚动持有短债C,债券型
013839.OF,中银恒嘉60天滚动持有C,债券型
013821.OF,南方定利一年定开,债券型
013864.OF,平安元泓30天滚动持有短债A,债券型
013838.OF,中银恒嘉60天滚动持有A,债券型
014035.OF,长城悦享增利C,债券型
001296.OF,长城悦享增利A,债券型
012935.OF,万家鼎鑫一年定开,债券型
013689.OF,湘财久盛39个月定开A,债券型
013690.OF,湘财久盛39个月定开C,债券型
013806.OF,财通资管鸿越3个月滚动持有C,债券型
013805.OF,财通资管鸿越3个月滚动持有B,债券型
013804.OF,财通资管鸿越3个月滚动持有A,债券型
013663.OF,富国安福30天滚动持有A,债券型
013664.OF,富国安福30天滚动持有C,债券型
013807.OF,财通资管鸿越3个月滚动持有E,债券型
014084.OF,浙商汇金月享30天滚动持有C,债券型
014083.OF,浙商汇金月享30天滚动持有A,债券型
013823.OF,南方月月享30天滚动持有C,债券型
013822.OF,南方月月享30天滚动持有A,债券型
881012.OF,招商资管智远增利A,债券型
881013.OF,招商资管智远增利C,债券型
014056.OF,太平丰润一年定开,债券型
880011.OF,招商资管智远增利D,债券型
013429.OF,东兴鑫享6个月滚动持有C,债券型
013428.OF,东兴鑫享6个月滚动持有A,债券型
013186.OF,长城恒利纯债A,债券型
013187.OF,长城恒利纯债C,债券型
014265.OF,新华鼎利E,债券型
013375.OF,平安元鑫120天滚动持有中短债A,债券型
013649.OF,长信稳丰C,债券型
013902.OF,华安众享180天持有C,债券型
012931.OF,平安双季盈6个月持有A,债券型
012932.OF,平安双季盈6个月持有C,债券型
013809.OF,易方达稳悦120天滚动持有短债C,债券型
013901.OF,华安众享180天持有A,债券型
013808.OF,易方达稳悦120天滚动持有短债A,债券型
013648.OF,长信稳丰A,债券型
013376.OF,平安元鑫120天滚动持有中短债C,债券型
013458.OF,华夏鼎业三个月定开C,债券型
890005.OF,长江尊利A,债券型
013971.OF,长江尊利C,债券型
013703.OF,招商添福1年定开,债券型
013457.OF,华夏鼎业三个月定开A,债券型
013716.OF,国联恒利纯债A,债券型
013494.OF,华泰柏瑞锦元,债券型
013717.OF,国联恒利纯债C,债券型
013692.OF,兴华安恒纯债C,债券型
014167.OF,永赢华嘉信用债C,债券型
013691.OF,兴华安恒纯债A,债券型
013264.OF,金鹰年年邮享一年持有期C,债券型
013263.OF,金鹰年年邮享一年持有期A,债券型
013522.OF,华富吉丰60天滚动持有A,债券型
013523.OF,华富吉丰60天滚动持有C,债券型
012823.OF,富国安利90天滚动持有A,债券型
012824.OF,富国安利90天滚动持有C,债券型
013140.OF,中金金信A,债券型
013565.OF,银华季季盈3个月滚动持有C,债券型
013563.OF,银华季季盈3个月滚动持有A,债券型
011634.OF,国寿安保安悦纯债一年定期开放,债券型
013564.OF,银华季季盈3个月滚动持有B,债券型
013725.OF,信澳鑫益C,债券型
013537.OF,鹏华稳华90天滚动持有C,债券型
013536.OF,鹏华稳华90天滚动持有A,债券型
013724.OF,信澳鑫益A,债券型
011641.OF,富国达利纯债一年定开债,债券型
013707.OF,同泰泰和三个月定开C,债券型
013706.OF,同泰泰和三个月定开A,债券型
013754.OF,招商稳福短债14天滚动持有C,债券型
013753.OF,招商稳福短债14天滚动持有A,债券型
011628.OF,嘉实致明3个月定开,债券型
013206.OF,广发汇宜一年定开A,债券型
013588.OF,工银稳健瑞盈一年持有A,债券型
013746.OF,浦银安盛双月鑫60天滚动持有C,债券型
013589.OF,工银稳健瑞盈一年持有C,债券型
012399.OF,南方永元一年持有A,债券型
012400.OF,南方永元一年持有C,债券型
014005.OF,鑫元鸿利D,债券型
013946.OF,创金合信尊智纯债C,债券型
013745.OF,浦银安盛双月鑫60天滚动持有A,债券型
012819.OF,招商享诚增强C,债券型
012818.OF,招商享诚增强A,债券型
013951.OF,创金合信尊隆纯债C,债券型
012339.OF,中信建投双鑫C,债券型
012338.OF,中信建投双鑫A,债券型
013227.OF,中邮鑫享30天滚动持有A,债券型
013228.OF,中邮鑫享30天滚动持有C,债券型
013814.OF,汇添富稳鑫120天滚动持有A,债券型
013111.OF,中金安益30天滚动持有A,债券型
013112.OF,中金安益30天滚动持有C,债券型
013815.OF,汇添富稳鑫120天滚动持有C,债券型
013835.OF,中加优享纯债C,债券型
013875.OF,鑫元合享纯债D,债券型
013325.OF,申万菱信恒利三个月定开A,债券型
012747.OF,富国双利增强C,债券型
012746.OF,富国双利增强A,债券型
013654.OF,永赢信利碳中和主题一年定开,债券型
013136.OF,惠升和怡一年定开,债券型
013788.OF,华泰柏瑞信用增利B,债券型
012741.OF,工银平衡回报6个月持有C,债券型
013379.OF,方正富邦稳裕C,债券型
012740.OF,工银平衡回报6个月持有A,债券型
013780.OF,华夏鼎丰,债券型
013378.OF,方正富邦稳裕A,债券型
013577.OF,华安众悦60天滚动持有A,债券型
013578.OF,华安众悦60天滚动持有C,债券型
012732.OF,融通通跃一年定开,债券型
013097.OF,财通资管双盈A,债券型
013412.OF,嘉实方舟6个月滚动持有C,债券型
013098.OF,财通资管双盈C,债券型
013411.OF,嘉实方舟6个月滚动持有A,债券型
013720.OF,新华增怡E,债券型
013333.OF,东兴兴瑞一年定开C,债券型
013336.OF,天弘安悦90天滚动持有C,债券型
013656.OF,博时臻选纯债C,债券型
012612.OF,东方臻善纯债C,债券型
012242.OF,华安添荣A,债券型
013558.OF,长信利富C,债券型
012611.OF,东方臻善纯债A,债券型
011850.OF,天治天享66个月定开,债券型
013586.OF,天弘齐享C,债券型
012101.OF,中金金合,债券型
013585.OF,天弘齐享A,债券型
013373.OF,中银证券安业A,债券型
013374.OF,中银证券安业C,债券型
013115.OF,鑫元金融债3个月定开,债券型
013547.OF,财通资管鸿享30天滚动持有C,债券型
012468.OF,中银证券安灏A,债券型
013546.OF,财通资管鸿享30天滚动持有A,债券型
012469.OF,中银证券安灏C,债券型
013208.OF,万家稳鑫30天滚动持有C,债券型
013207.OF,万家稳鑫30天滚动持有A,债券型
013509.OF,广发亚太中高收益美元C,债券型
012602.OF,长信稳惠C,债券型
013508.OF,广发亚太中高收益人民币C,债券型
012948.OF,兴全恒利一年定开,债券型
012601.OF,长信稳惠A,债券型
013587.OF,英大纯债E,债券型
013543.OF,英大安惠纯债E,债券型
013236.OF,长信30天滚动持有A,债券型
007972.OF,华泰保兴恒利中短债C,债券型
007971.OF,华泰保兴恒利中短债A,债券型
013297.OF,嘉合磐固一年定开,债券型
013237.OF,长信30天滚动持有C,债券型
012806.OF,招商添呈1年定开,债券型
013087.OF,中加优悦一年定开,债券型
011619.OF,鹏扬淳兴三个月定开债A,债券型
013251.OF,中信建投稳硕A,债券型
013252.OF,中信建投稳硕C,债券型
010758.OF,国投瑞银顺景一年定开,债券型
011620.OF,鹏扬淳兴三个月定开债C,债券型
011672.OF,中信建投双利3个月持有C,债券型
011671.OF,中信建投双利3个月持有A,债券型
013456.OF,长盛安逸纯债D,债券型
011079.OF,嘉实致泓一年定开,债券型
013468.OF,长盛盛康纯债D,债券型
013281.OF,国泰海通30天滚动持有中短债A,债券型
013282.OF,国泰海通30天滚动持有中短债C,债券型
013065.OF,国泰利泽90天滚动持有A,债券型
013066.OF,国泰利泽90天滚动持有C,债券型
013449.OF,广发景宁纯债C,债券型
013212.OF,华富安盈一年持有C,债券型
013211.OF,华富安盈一年持有A,债券型
011699.OF,蜂巢丰华A,债券型
011700.OF,蜂巢丰华C,债券型
012910.OF,平安盈盛稳健配置三个月持有C,债券型
012957.OF,嘉实60天滚动持有A,债券型
012958.OF,嘉实60天滚动持有C,债券型
012909.OF,平安盈盛稳健配置三个月持有A,债券型
011625.OF,华夏卓享C,债券型
013036.OF,南方旺元60天滚动持有C,债券型
011624.OF,华夏卓享A,债券型
011262.OF,华夏鼎英A,债券型
011263.OF,华夏鼎英C,债券型
012624.OF,蜂巢丰远A,债券型
012625.OF,蜂巢丰远C,债券型
013204.OF,恒生前海恒源天利A,债券型
013205.OF,恒生前海恒源天利C,债券型
013217.OF,财通资管鸿启90天滚动持有中短债C,债券型
013265.OF,鹏扬淳熙一年定开,债券型
013216.OF,财通资管鸿启90天滚动持有中短债A,债券型
010527.OF,景顺长城景泰优利一年定开,债券型
013391.OF,招商安泰债券D,债券型
012013.OF,海富通瑞兴3个月定开C,债券型
010928.OF,大成元吉增利C,债券型
012012.OF,海富通瑞兴3个月定开A,债券型
010927.OF,大成元吉增利A,债券型
012941.OF,广发添财90天滚动持有A,债券型
012942.OF,广发添财90天滚动持有C,债券型
012626.OF,申万菱信汇元宝A,债券型
012627.OF,申万菱信汇元宝C,债券型
012774.OF,前海开源丰和A,债券型
012775.OF,前海开源丰和C,债券型
012318.OF,创金合信聚鑫C,债券型
012915.OF,中欧稳利60天滚动持有A,债券型
012916.OF,中欧稳利60天滚动持有C,债券型
012317.OF,创金合信聚鑫A,债券型
013202.OF,恒生前海恒祥纯债A,债券型
013203.OF,恒生前海恒祥纯债C,债券型
010848.OF,渤海汇金兴荣一年定开,债券型
013063.OF,广发集益一年持有A,债券型
013076.OF,建信鑫悦90天滚动持有中短债C,债券型
013075.OF,建信鑫悦90天滚动持有中短债A,债券型
013064.OF,广发集益一年持有C,债券型
013100.OF,招商稳乐中短债90天持有期C,债券型
013099.OF,招商稳乐中短债90天持有期A,债券型
011890.OF,中金新璟3个月定开,债券型
012539.OF,东方兴润A,债券型
012540.OF,东方兴润C,债券型
012814.OF,兴华安盈一年定开债,债券型
012947.OF,百嘉百利一年定开,债券型
013069.OF,博时双月享60天滚动持有C,债券型
013068.OF,博时双月享60天滚动持有A,债券型
012858.OF,天弘睿选利率债A,债券型
012859.OF,天弘睿选利率债C,债券型
013149.OF,鹏华双债加利C,债券型
012017.OF,国投瑞银和旭一年持有A,债券型
013156.OF,兴银稳安60天滚动持有E,债券型
012018.OF,国投瑞银和旭一年持有C,债券型
012934.OF,易方达稳丰90天滚动持有C,债券型
013168.OF,东方红稳添利C,债券型
011952.OF,万家悦兴3个月定开A,债券型
012933.OF,易方达稳丰90天滚动持有A,债券型
012750.OF,上银慧鼎利A,债券型
013077.OF,永赢乾益,债券型
011659.OF,汇添富中高等级信用债C,债券型
011658.OF,汇添富中高等级信用债A,债券型
010607.OF,新沃安鑫87个月定开,债券型
011660.OF,汇添富中高等级信用债E,债券型
012797.OF,鹏华丰宁A,债券型
013131.OF,西部利得沣泰C,债券型
012240.OF,中欧兴悦A,债券型
012267.OF,中泰稳固周周购12周滚动债C,债券型
012266.OF,中泰稳固周周购12周滚动债A,债券型
010794.OF,东海鑫享66个月定开,债券型
012440.OF,平安惠信3个月定开债A,债券型
012441.OF,平安惠信3个月定开债C,债券型
012938.OF,创金合信尊泓A,债券型
012939.OF,创金合信尊泓C,债券型
012280.OF,嘉实稳和6个月持有C,债券型
012433.OF,华安添和一年A,债券型
012446.OF,华安添和一年C,债券型
012279.OF,嘉实稳和6个月持有A,债券型
012897.OF,中欧兴利C,债券型
012274.OF,富国汇鑫金融债三个月定开债C,债券型
012591.OF,广发添财180天滚动持有A,债券型
012592.OF,广发添财180天滚动持有C,债券型
012273.OF,富国汇鑫金融债三个月定开债A,债券型
011115.OF,海富通利率债A,债券型
012593.OF,广发添财180天滚动持有E,债券型
011116.OF,海富通利率债C,债券型
010836.OF,国泰瑞泰,债券型
012295.OF,华安锦灏金融债3个月定开,债券型
012887.OF,华夏可转债增强C,债券型
012890.OF,大成景盈C,债券型
010256.OF,农银汇理金汇C,债券型
011496.OF,华泰紫金月月发1个月滚动A,债券型
011497.OF,华泰紫金月月发1个月滚动C,债券型
011008.OF,国寿安保尊弘短债A,债券型
012134.OF,中银嘉享3个月定开A,债券型
011009.OF,国寿安保尊弘短债C,债券型
011010.OF,国寿安保尊弘短债E,债券型
011947.OF,建信裕丰利率债三个月定开债C,债券型
011946.OF,建信裕丰利率债三个月定开债A,债券型
012745.OF,华宝宝瑞一年定开,债券型
011968.OF,农银汇理金盛,债券型
012395.OF,兴业60天滚动持有A,债券型
012396.OF,兴业60天滚动持有C,债券型
012451.OF,国寿安保安恒金融债,债券型
012649.OF,鹏华稳泰30天滚动持有C,债券型
012648.OF,鹏华稳泰30天滚动持有A,债券型
012465.OF,上银慧嘉利,债券型
012575.OF,汇添富稳利60天滚动持有C,债券型
012140.OF,太平丰泰一年定开,债券型
012205.OF,中银通利C,债券型
012574.OF,汇添富稳利60天滚动持有A,债券型
012773.OF,嘉实超短债A,债券型
012204.OF,中银通利A,债券型
012418.OF,平安合进1年定开,债券型
012453.OF,国泰利优30天滚动持有短债C,债券型
012452.OF,国泰利优30天滚动持有短债A,债券型
011897.OF,长城悦享回报A,债券型
011898.OF,长城悦享回报C,债券型
012398.OF,南方佳元6个月持有C,债券型
012397.OF,南方佳元6个月持有A,债券型
012352.OF,英大通惠多利A,债券型
012353.OF,英大通惠多利C,债券型
008565.OF,泰康安泽中短债A,债券型
011910.OF,南方臻利3个月定开A,债券型
011012.OF,泰康安泽中短债C,债券型
012581.OF,财通资管鸿安30天滚动持有C,债券型
012423.OF,山证资管超短债E,债券型
012580.OF,财通资管鸿安30天滚动持有A,债券型
011954.OF,广发汇荣三个月定开A,债券型
011310.OF,国联恒阳纯债A,债券型
011311.OF,国联恒阳纯债C,债券型
012603.OF,富安达富利纯债C,债券型
011092.OF,工银双玺6个月持有C,债券型
011091.OF,工银双玺6个月持有A,债券型
012146.OF,中欧稳宁9个月持有C,债券型
012145.OF,中欧稳宁9个月持有A,债券型
011489.OF,创金合信双季享6个月持有A,债券型
011490.OF,创金合信双季享6个月持有C,债券型
012059.OF,鹏华永益3个月定开,债券型
011141.OF,南方景元中高等级信用债A,债券型
011960.OF,兴业嘉福一年定开,债券型
012622.OF,金鹰添裕纯债C,债券型
011919.OF,恒越短债A,债券型
012286.OF,招商稳裕短债30天持有C,债券型
012285.OF,招商稳裕短债30天持有A,债券型
012623.OF,金鹰添盈纯债C,债券型
011920.OF,恒越短债C,债券型
011942.OF,建信泓利一年持有,债券型
012357.OF,浦银安盛季季鑫90天滚动持有C,债券型
012356.OF,浦银安盛季季鑫90天滚动持有A,债券型
010254.OF,嘉实丰年一年定开纯债A,债券型
010255.OF,嘉实丰年一年定开纯债C,债券型
012567.OF,长城久稳D,债券型
012566.OF,长城久稳C,债券型
010261.OF,海富通策略收益C,债券型
010260.OF,海富通策略收益A,债券型
012325.OF,兴全恒惠30天持有C,债券型
012324.OF,兴全恒惠30天持有A,债券型
010884.OF,中银臻享,债券型
011655.OF,天弘兴益一年定开,债券型
012490.OF,招商招怡纯债D,债券型
012489.OF,招商招顺纯债D,债券型
012337.OF,工银稳健回报60天持有C,债券型
012336.OF,工银稳健回报60天持有A,债券型
009310.OF,国寿安保尊庆6个月持有C,债券型
009309.OF,国寿安保尊庆6个月持有A,债券型
012331.OF,广发集优9个月持有C,债券型
012330.OF,广发集优9个月持有A,债券型
012092.OF,银华信用精选两年定开,债券型
011985.OF,申万菱信合利A,债券型
012291.OF,国联恒益C,债券型
012413.OF,建信睿怡纯债C,债券型
011986.OF,申万菱信合利C,债券型
012290.OF,国联恒益A,债券型
011492.OF,华泰紫金丰睿A,债券型
011493.OF,华泰紫金丰睿C,债券型
011464.OF,南华瑞利A,债券型
011943.OF,工银瑞盛一年定开,债券型
011465.OF,南华瑞利C,债券型
012381.OF,英大通盈E,债券型
012376.OF,西部利得祥逸D,债券型
012100.OF,华夏稳健增利4个月滚动持有C,债券型
011654.OF,国泰鑫享稳健6个月滚动持有C,债券型
012392.OF,兴银稳安60天滚动持有A,债券型
011653.OF,国泰鑫享稳健6个月滚动持有A,债券型
012099.OF,华夏稳健增利4个月滚动持有A,债券型
012393.OF,兴银稳安60天滚动持有C,债券型
012016.OF,国投瑞银顺成3个月定开,债券型
011657.OF,天弘京津冀主题C,债券型
011656.OF,天弘京津冀主题A,债券型
011950.OF,嘉实稳元纯债C,债券型
011642.OF,财通资管睿慧1年定开,债券型
012233.OF,招商安盈C,债券型
012035.OF,中信建投稳骏一年定开,债券型
012246.OF,博时月月享30天持有A,债券型
012192.OF,中银恒泰9个月持有C,债券型
012050.OF,天弘安盈一年持有C,债券型
012049.OF,天弘安盈一年持有A,债券型
012133.OF,招商添浩D,债券型
012247.OF,博时月月享30天持有C,债券型
012191.OF,中银恒泰9个月持有A,债券型
010733.OF,红塔红土瑞景A,债券型
012265.OF,天弘安怡30天滚动持有C,债券型
010734.OF,红塔红土瑞景C,债券型
011109.OF,南方晖元6个月持有A,债券型
012230.OF,华安众鑫90天滚动持有C,债券型
011110.OF,南方晖元6个月持有C,债券型
012229.OF,华安众鑫90天滚动持有A,债券型
012118.OF,兴全恒裕C,债券型
010084.OF,蜂巢丰瑞A,债券型
010085.OF,蜂巢丰瑞C,债券型
011944.OF,招商金融债3个月定开,债券型
011999.OF,富国安泰90天短债A,债券型
011280.OF,华宝双债增强A,债券型
012115.OF,招商招丰纯债D,债券型
012000.OF,富国安泰90天短债C,债券型
011281.OF,华宝双债增强C,债券型
011929.OF,申万菱信安泰稳利纯债一年定开,债券型
011864.OF,博时恒泰A,债券型
011865.OF,博时恒泰C,债券型
012136.OF,景顺长城景泰鑫利纯债C,债券型
011327.OF,太平丰盈一年定开,债券型
010092.OF,永赢华嘉信用债A,债券型
011940.OF,大成全球美元债A美元,债券型
011941.OF,大成全球美元债C美元,债券型
010653.OF,农银汇理金玉,债券型
010250.OF,国金惠诚C,债券型
010249.OF,国金惠诚A,债券型
010959.OF,大成惠泽一年定开债,债券型
011719.OF,浦银安盛盛华一年定开,债券型
011955.OF,招商招祥纯债D,债券型
011953.OF,招商招瑞纯债D,债券型
010960.OF,大成惠恒一年定开,债券型
011962.OF,易方达稳鑫30天滚动持有C,债券型
011961.OF,易方达稳鑫30天滚动持有A,债券型
011742.OF,大成惠平一年定开,债券型
011298.OF,易方达悦安一年持有A,债券型
011529.OF,上银慧兴盈,债券型
011299.OF,易方达悦安一年持有C,债券型
011007.OF,国投瑞银顺臻纯债C,债券型
010354.OF,南方崇元C,债券型
010353.OF,南方崇元A,债券型
011029.OF,安信永盈一年定开债,债券型
010278.OF,南华瑞泰39个月定开A,债券型
010279.OF,南华瑞泰39个月定开C,债券型
010633.OF,惠升和睿兴利C,债券型
010630.OF,惠升和睿兴利A,债券型
010980.OF,华夏鼎润C,债券型
010979.OF,华夏鼎润A,债券型
010946.OF,中银证券汇福一年定开,债券型
010248.OF,惠升和泰C,债券型
011039.OF,新华利率债C,债券型
011038.OF,新华利率债A,债券型
010247.OF,惠升和泰A,债券型
011294.OF,招商添逸1年定开,债券型
010241.OF,平安季季享3个月持有C,债券型
010240.OF,平安季季享3个月持有A,债券型
011101.OF,圆信永丰瑞丰66个月定开债,债券型
011417.OF,恒越嘉鑫C,债券型
011416.OF,恒越嘉鑫A,债券型
006920.OF,嘉实稳华纯债C,债券型
011094.OF,诺德安盛,债券型
009831.OF,长城稳利A,债券型
009832.OF,长城稳利C,债券型
011683.OF,华夏鼎华一年定开,债券型
010467.OF,华安锦溶0-5年金融债3个月定开债,债券型
009465.OF,东方可转债A,债券型
009466.OF,东方可转债C,债券型
